[{"model": "admin.logentry", "pk": 1, "fields": {"action_time": "2025-03-20T15:00:15.577Z", "user": 5, "content_type": 7, "object_id": "53", "object_repr": "Minecraft", "action_flag": 2, "change_message": "[{\"changed\": {\"fields\": [\"Description\", \"Trailer url\"]}}]"}}, {"model": "admin.logentry", "pk": 2, "fields": {"action_time": "2025-03-20T15:09:46.770Z", "user": 5, "content_type": 7, "object_id": "53", "object_repr": "Minecraft", "action_flag": 2, "change_message": "[]"}}, {"model": "admin.logentry", "pk": 3, "fields": {"action_time": "2025-03-20T15:16:25.500Z", "user": 5, "content_type": 7, "object_id": "53", "object_repr": "Minecraft", "action_flag": 2, "change_message": "[{\"changed\": {\"fields\": [\"Trailer url\"]}}]"}}, {"model": "admin.logentry", "pk": 4, "fields": {"action_time": "2025-03-20T15:16:49.461Z", "user": 5, "content_type": 7, "object_id": "53", "object_repr": "Minecraft", "action_flag": 2, "change_message": "[]"}}, {"model": "admin.logentry", "pk": 5, "fields": {"action_time": "2025-03-20T15:32:09.864Z", "user": 5, "content_type": 10, "object_id": "7", "object_repr": "Thunderbolts*", "action_flag": 1, "change_message": "[{\"added\": {}}]"}}, {"model": "admin.logentry", "pk": 6, "fields": {"action_time": "2025-03-20T15:40:14.412Z", "user": 5, "content_type": 10, "object_id": "7", "object_repr": "Thunderbolts*", "action_flag": 2, "change_message": "[]"}}, {"model": "admin.logentry", "pk": 7, "fields": {"action_time": "2025-03-20T15:40:18.160Z", "user": 5, "content_type": 10, "object_id": "7", "object_repr": "Thunderbolts*", "action_flag": 2, "change_message": "[]"}}, {"model": "admin.logentry", "pk": 8, "fields": {"action_time": "2025-03-29T13:59:48.722Z", "user": 6, "content_type": 11, "object_id": "1", "object_repr": "Deadpool & Wolverine", "action_flag": 1, "change_message": "[{\"added\": {}}]"}}, {"model": "admin.logentry", "pk": 9, "fields": {"action_time": "2025-03-29T14:02:58.817Z", "user": 6, "content_type": 11, "object_id": "1", "object_repr": "Deadpool & Wolverine", "action_flag": 3, "change_message": ""}}, {"model": "admin.logentry", "pk": 10, "fields": {"action_time": "2025-03-29T14:23:23.580Z", "user": 6, "content_type": 11, "object_id": "2", "object_repr": "Sonic 3", "action_flag": 3, "change_message": ""}}, {"model": "admin.logentry", "pk": 11, "fields": {"action_time": "2025-03-29T14:41:42.456Z", "user": 6, "content_type": 11, "object_id": "3", "object_repr": "Sonic 3", "action_flag": 2, "change_message": "[{\"changed\": {\"fields\": [\"Link\"]}}]"}}, {"model": "admin.logentry", "pk": 12, "fields": {"action_time": "2025-03-29T14:43:26.079Z", "user": 6, "content_type": 11, "object_id": "4", "object_repr": "Deadpool & Wolverine", "action_flag": 2, "change_message": "[{\"changed\": {\"fields\": [\"Link\"]}}]"}}, {"model": "admin.logentry", "pk": 13, "fields": {"action_time": "2025-03-29T14:52:28.449Z", "user": 6, "content_type": 11, "object_id": "5", "object_repr": "Nosferatu", "action_flag": 1, "change_message": "[{\"added\": {}}]"}}, {"model": "admin.logentry", "pk": 14, "fields": {"action_time": "2025-03-29T17:12:51.922Z", "user": 6, "content_type": 11, "object_id": "6", "object_repr": "FOtznzit", "action_flag": 1, "change_message": "[{\"added\": {}}]"}}, {"model": "admin.logentry", "pk": 15, "fields": {"action_time": "2025-03-29T17:18:39.262Z", "user": 6, "content_type": 11, "object_id": "6", "object_repr": "FOtznzit", "action_flag": 2, "change_message": "[{\"changed\": {\"fields\": [\"Image\"]}}]"}}, {"model": "admin.logentry", "pk": 16, "fields": {"action_time": "2025-03-29T17:37:13.165Z", "user": 6, "content_type": 11, "object_id": "6", "object_repr": "FOtznzit", "action_flag": 3, "change_message": ""}}, {"model": "admin.logentry", "pk": 17, "fields": {"action_time": "2025-03-29T17:46:19.625Z", "user": 6, "content_type": 11, "object_id": "1", "object_repr": "Sonic 3", "action_flag": 1, "change_message": "[{\"added\": {}}]"}}, {"model": "admin.logentry", "pk": 18, "fields": {"action_time": "2025-03-29T17:49:48.508Z", "user": 6, "content_type": 11, "object_id": "1", "object_repr": "Sonic 3", "action_flag": 2, "change_message": "[{\"changed\": {\"fields\": [\"Image\"]}}]"}}, {"model": "admin.logentry", "pk": 19, "fields": {"action_time": "2025-03-29T17:57:31.384Z", "user": 6, "content_type": 11, "object_id": "1", "object_repr": "Sonic 3", "action_flag": 2, "change_message": "[{\"changed\": {\"fields\": [\"Image\"]}}]"}}, {"model": "admin.logentry", "pk": 20, "fields": {"action_time": "2025-03-29T18:05:49.175Z", "user": 6, "content_type": 11, "object_id": "1", "object_repr": "Sonic 3", "action_flag": 2, "change_message": "[]"}}, {"model": "admin.logentry", "pk": 21, "fields": {"action_time": "2025-03-29T18:06:47.658Z", "user": 6, "content_type": 11, "object_id": "2", "object_repr": "Deadpool & Wolverine", "action_flag": 1, "change_message": "[{\"added\": {}}]"}}, {"model": "admin.logentry", "pk": 22, "fields": {"action_time": "2025-03-29T18:08:20.454Z", "user": 6, "content_type": 11, "object_id": "3", "object_repr": "Nosferatu", "action_flag": 1, "change_message": "[{\"added\": {}}]"}}, {"model": "admin.logentry", "pk": 23, "fields": {"action_time": "2025-03-29T18:10:00.484Z", "user": 6, "content_type": 11, "object_id": "4", "object_repr": "Captain America 4", "action_flag": 1, "change_message": "[{\"added\": {}}]"}}, {"model": "admin.logentry", "pk": 24, "fields": {"action_time": "2025-03-29T18:12:40.531Z", "user": 6, "content_type": 11, "object_id": "5", "object_repr": "Captain America 4", "action_flag": 1, "change_message": "[{\"added\": {}}]"}}, {"model": "admin.logentry", "pk": 25, "fields": {"action_time": "2025-03-29T18:12:44.666Z", "user": 6, "content_type": 11, "object_id": "4", "object_repr": "Captain America 4", "action_flag": 3, "change_message": ""}}, {"model": "admin.logentry", "pk": 26, "fields": {"action_time": "2025-03-29T18:14:18.171Z", "user": 6, "content_type": 11, "object_id": "6", "object_repr": "Herr der Ringe 3", "action_flag": 1, "change_message": "[{\"added\": {}}]"}}, {"model": "admin.logentry", "pk": 27, "fields": {"action_time": "2025-03-29T18:27:24.571Z", "user": 6, "content_type": 11, "object_id": "7", "object_repr": "Herr der Ringe", "action_flag": 1, "change_message": "[{\"added\": {}}]"}}, {"model": "admin.logentry", "pk": 28, "fields": {"action_time": "2025-03-29T18:48:37.199Z", "user": 6, "content_type": 11, "object_id": "8", "object_repr": "Schneewittchen", "action_flag": 1, "change_message": "[{\"added\": {}}]"}}, {"model": "admin.logentry", "pk": 29, "fields": {"action_time": "2025-03-29T18:49:35.977Z", "user": 6, "content_type": 11, "object_id": "9", "object_repr": "Interstellar", "action_flag": 1, "change_message": "[{\"added\": {}}]"}}, {"model": "admin.logentry", "pk": 30, "fields": {"action_time": "2025-03-29T19:06:32.640Z", "user": 6, "content_type": 11, "object_id": "10", "object_repr": "Herr der Ringe 2", "action_flag": 1, "change_message": "[{\"added\": {}}]"}}, {"model": "admin.logentry", "pk": 31, "fields": {"action_time": "2025-03-29T19:07:27.490Z", "user": 6, "content_type": 11, "object_id": "11", "object_repr": "Avengers", "action_flag": 1, "change_message": "[{\"added\": {}}]"}}, {"model": "admin.logentry", "pk": 32, "fields": {"action_time": "2025-03-29T19:09:54.200Z", "user": 6, "content_type": 11, "object_id": "12", "object_repr": "Avengers: Age of Ultron", "action_flag": 1, "change_message": "[{\"added\": {}}]"}}, {"model": "admin.logentry", "pk": 33, "fields": {"action_time": "2025-03-29T19:11:52.004Z", "user": 6, "content_type": 11, "object_id": "13", "object_repr": "Avengers: Infinity War", "action_flag": 1, "change_message": "[{\"added\": {}}]"}}, {"model": "admin.logentry", "pk": 34, "fields": {"action_time": "2025-03-29T19:13:45.941Z", "user": 6, "content_type": 11, "object_id": "14", "object_repr": "Avengers: Endgame", "action_flag": 1, "change_message": "[{\"added\": {}}]"}}, {"model": "admin.logentry", "pk": 35, "fields": {"action_time": "2025-03-29T19:19:48.104Z", "user": 6, "content_type": 11, "object_id": "15", "object_repr": "Oppenheimer", "action_flag": 1, "change_message": "[{\"added\": {}}]"}}, {"model": "admin.logentry", "pk": 36, "fields": {"action_time": "2025-03-30T11:33:33.009Z", "user": 6, "content_type": 11, "object_id": "16", "object_repr": "Sonic", "action_flag": 1, "change_message": "[{\"added\": {}}]"}}, {"model": "admin.logentry", "pk": 37, "fields": {"action_time": "2025-03-30T11:40:48.058Z", "user": 6, "content_type": 11, "object_id": "17", "object_repr": "Sonic 2", "action_flag": 1, "change_message": "[{\"added\": {}}]"}}, {"model": "admin.logentry", "pk": 38, "fields": {"action_time": "2025-03-30T11:41:35.242Z", "user": 6, "content_type": 11, "object_id": "17", "object_repr": "Sonic 2", "action_flag": 2, "change_message": "[{\"changed\": {\"fields\": [\"Link\"]}}]"}}, {"model": "admin.logentry", "pk": 39, "fields": {"action_time": "2025-03-31T18:00:56.612Z", "user": 6, "content_type": 11, "object_id": "1", "object_repr": "Sonic 3", "action_flag": 2, "change_message": "[{\"changed\": {\"fields\": [\"Link\"]}}]"}}, {"model": "admin.logentry", "pk": 40, "fields": {"action_time": "2025-04-03T13:55:34.987Z", "user": 6, "content_type": 11, "object_id": "18", "object_repr": "Ein Minecraft Film", "action_flag": 1, "change_message": "[{\"added\": {}}]"}}, {"model": "admin.logentry", "pk": 41, "fields": {"action_time": "2025-04-12T12:08:22.900Z", "user": 6, "content_type": 13, "object_id": "7", "object_repr": "Emirmono Profil", "action_flag": 2, "change_message": "[{\"changed\": {\"fields\": [\"Image\"]}}]"}}, {"model": "admin.logentry", "pk": 42, "fields": {"action_time": "2025-04-12T14:14:47.290Z", "user": 7, "content_type": 13, "object_id": "6", "object_repr": "UserProfile object (6)", "action_flag": 2, "change_message": "[{\"changed\": {\"fields\": [\"Image\"]}}]"}}, {"model": "admin.logentry", "pk": 43, "fields": {"action_time": "2025-04-12T17:51:48.728Z", "user": 7, "content_type": 11, "object_id": "18", "object_repr": "Ein Minecraft Film", "action_flag": 2, "change_message": "[{\"changed\": {\"fields\": [\"Image\"]}}]"}}, {"model": "admin.logentry", "pk": 44, "fields": {"action_time": "2025-04-12T17:55:09.469Z", "user": 7, "content_type": 11, "object_id": "18", "object_repr": "Ein Minecraft Film", "action_flag": 2, "change_message": "[{\"changed\": {\"fields\": [\"Image\"]}}]"}}, {"model": "admin.logentry", "pk": 45, "fields": {"action_time": "2025-04-12T18:16:02.282Z", "user": 7, "content_type": 11, "object_id": "18", "object_repr": "Ein Minecraft Film", "action_flag": 2, "change_message": "[{\"changed\": {\"fields\": [\"Image\"]}}]"}}, {"model": "admin.logentry", "pk": 46, "fields": {"action_time": "2025-04-12T18:19:32.034Z", "user": 7, "content_type": 11, "object_id": "18", "object_repr": "Ein Minecraft Film", "action_flag": 2, "change_message": "[{\"changed\": {\"fields\": [\"Image\"]}}]"}}, {"model": "admin.logentry", "pk": 47, "fields": {"action_time": "2025-04-12T18:20:45.940Z", "user": 7, "content_type": 11, "object_id": "18", "object_repr": "Ein Minecraft Film", "action_flag": 2, "change_message": "[{\"changed\": {\"fields\": [\"Image\"]}}]"}}, {"model": "admin.logentry", "pk": 48, "fields": {"action_time": "2025-04-12T18:25:17.348Z", "user": 7, "content_type": 11, "object_id": "1", "object_repr": "Sonic 3", "action_flag": 2, "change_message": "[{\"changed\": {\"fields\": [\"Image\"]}}]"}}, {"model": "admin.logentry", "pk": 49, "fields": {"action_time": "2025-04-12T18:25:55.249Z", "user": 7, "content_type": 11, "object_id": "2", "object_repr": "Deadpool & Wolverine", "action_flag": 2, "change_message": "[{\"changed\": {\"fields\": [\"Image\"]}}]"}}, {"model": "admin.logentry", "pk": 50, "fields": {"action_time": "2025-04-12T18:26:29.359Z", "user": 7, "content_type": 11, "object_id": "3", "object_repr": "Nosferatu", "action_flag": 2, "change_message": "[{\"changed\": {\"fields\": [\"Image\"]}}]"}}, {"model": "admin.logentry", "pk": 51, "fields": {"action_time": "2025-04-12T18:27:00.704Z", "user": 7, "content_type": 11, "object_id": "5", "object_repr": "Captain America 4", "action_flag": 2, "change_message": "[{\"changed\": {\"fields\": [\"Image\"]}}]"}}, {"model": "admin.logentry", "pk": 52, "fields": {"action_time": "2025-04-12T18:27:48.862Z", "user": 7, "content_type": 11, "object_id": "6", "object_repr": "Herr der Ringe 3", "action_flag": 2, "change_message": "[{\"changed\": {\"fields\": [\"Image\"]}}]"}}, {"model": "admin.logentry", "pk": 53, "fields": {"action_time": "2025-04-12T18:27:55.873Z", "user": 7, "content_type": 11, "object_id": "7", "object_repr": "Herr der Ringe", "action_flag": 2, "change_message": "[{\"changed\": {\"fields\": [\"Image\"]}}]"}}, {"model": "admin.logentry", "pk": 54, "fields": {"action_time": "2025-04-12T18:28:03.307Z", "user": 7, "content_type": 11, "object_id": "10", "object_repr": "Herr der Ringe 2", "action_flag": 2, "change_message": "[{\"changed\": {\"fields\": [\"Image\"]}}]"}}, {"model": "admin.logentry", "pk": 55, "fields": {"action_time": "2025-04-12T18:28:34.003Z", "user": 7, "content_type": 11, "object_id": "9", "object_repr": "Interstellar", "action_flag": 2, "change_message": "[{\"changed\": {\"fields\": [\"Image\"]}}]"}}, {"model": "admin.logentry", "pk": 56, "fields": {"action_time": "2025-04-12T18:29:05.522Z", "user": 7, "content_type": 11, "object_id": "8", "object_repr": "Schneewittchen", "action_flag": 2, "change_message": "[{\"changed\": {\"fields\": [\"Image\"]}}]"}}, {"model": "admin.logentry", "pk": 57, "fields": {"action_time": "2025-04-12T18:30:52.076Z", "user": 7, "content_type": 11, "object_id": "11", "object_repr": "Avengers", "action_flag": 2, "change_message": "[{\"changed\": {\"fields\": [\"Image\"]}}]"}}, {"model": "admin.logentry", "pk": 58, "fields": {"action_time": "2025-04-12T18:30:59.384Z", "user": 7, "content_type": 11, "object_id": "12", "object_repr": "Avengers: Age of Ultron", "action_flag": 2, "change_message": "[{\"changed\": {\"fields\": [\"Image\"]}}]"}}, {"model": "admin.logentry", "pk": 59, "fields": {"action_time": "2025-04-12T18:31:05.884Z", "user": 7, "content_type": 11, "object_id": "13", "object_repr": "Avengers: Infinity War", "action_flag": 2, "change_message": "[{\"changed\": {\"fields\": [\"Image\"]}}]"}}, {"model": "admin.logentry", "pk": 60, "fields": {"action_time": "2025-04-12T18:31:11.493Z", "user": 7, "content_type": 11, "object_id": "14", "object_repr": "Avengers: Endgame", "action_flag": 2, "change_message": "[{\"changed\": {\"fields\": [\"Image\"]}}]"}}, {"model": "admin.logentry", "pk": 61, "fields": {"action_time": "2025-04-12T18:31:18.231Z", "user": 7, "content_type": 11, "object_id": "15", "object_repr": "Oppenheimer", "action_flag": 2, "change_message": "[{\"changed\": {\"fields\": [\"Image\"]}}]"}}, {"model": "admin.logentry", "pk": 62, "fields": {"action_time": "2025-04-12T18:31:25.868Z", "user": 7, "content_type": 11, "object_id": "16", "object_repr": "Sonic", "action_flag": 2, "change_message": "[{\"changed\": {\"fields\": [\"Image\"]}}]"}}, {"model": "admin.logentry", "pk": 63, "fields": {"action_time": "2025-04-12T18:31:32.100Z", "user": 7, "content_type": 11, "object_id": "17", "object_repr": "Sonic 2", "action_flag": 2, "change_message": "[{\"changed\": {\"fields\": [\"Image\"]}}]"}}, {"model": "admin.logentry", "pk": 64, "fields": {"action_time": "2025-04-12T19:26:23.931Z", "user": 7, "content_type": 11, "object_id": "17", "object_repr": "Sonic 2", "action_flag": 2, "change_message": "[{\"changed\": {\"fields\": [\"Image\"]}}]"}}, {"model": "admin.logentry", "pk": 65, "fields": {"action_time": "2025-04-12T20:40:13.531Z", "user": 7, "content_type": 7, "object_id": "66", "object_repr": "Tron: Ares", "action_flag": 2, "change_message": "[{\"changed\": {\"fields\": [\"Description\", \"Image\"]}}]"}}, {"model": "admin.logentry", "pk": 66, "fields": {"action_time": "2025-04-12T20:41:57.778Z", "user": 7, "content_type": 7, "object_id": "66", "object_repr": "Tron: Ares", "action_flag": 2, "change_message": "[{\"changed\": {\"fields\": [\"Image\"]}}]"}}, {"model": "admin.logentry", "pk": 67, "fields": {"action_time": "2025-04-12T20:50:00.567Z", "user": 7, "content_type": 7, "object_id": "66", "object_repr": "Tron: Ares", "action_flag": 2, "change_message": "[{\"changed\": {\"fields\": [\"Image\"]}}]"}}, {"model": "admin.logentry", "pk": 68, "fields": {"action_time": "2025-04-12T20:50:56.637Z", "user": 7, "content_type": 7, "object_id": "66", "object_repr": "Tron: Ares", "action_flag": 2, "change_message": "[{\"changed\": {\"fields\": [\"Image\"]}}]"}}, {"model": "admin.logentry", "pk": 69, "fields": {"action_time": "2025-04-12T20:53:23.966Z", "user": 7, "content_type": 7, "object_id": "70", "object_repr": "Avatar 3", "action_flag": 2, "change_message": "[{\"changed\": {\"fields\": [\"Description\", \"Image\"]}}]"}}, {"model": "admin.logentry", "pk": 70, "fields": {"action_time": "2025-04-12T20:53:46.789Z", "user": 7, "content_type": 7, "object_id": "69", "object_repr": "Zoomania 2", "action_flag": 2, "change_message": "[{\"changed\": {\"fields\": [\"Description\", \"Image\"]}}]"}}, {"model": "admin.logentry", "pk": 71, "fields": {"action_time": "2025-04-12T20:53:59.243Z", "user": 7, "content_type": 7, "object_id": "68", "object_repr": "Wicked 2", "action_flag": 2, "change_message": "[{\"changed\": {\"fields\": [\"Description\", \"Image\"]}}]"}}, {"model": "admin.logentry", "pk": 72, "fields": {"action_time": "2025-04-12T20:54:13.042Z", "user": 7, "content_type": 7, "object_id": "67", "object_repr": "The Black Phone 2", "action_flag": 2, "change_message": "[{\"changed\": {\"fields\": [\"Description\", \"Image\"]}}]"}}, {"model": "admin.logentry", "pk": 73, "fields": {"action_time": "2025-04-12T20:54:17.766Z", "user": 7, "content_type": 7, "object_id": "66", "object_repr": "Tron: Ares", "action_flag": 2, "change_message": "[]"}}, {"model": "admin.logentry", "pk": 74, "fields": {"action_time": "2025-04-12T20:54:41.243Z", "user": 7, "content_type": 7, "object_id": "65", "object_repr": "Michael Jackson", "action_flag": 2, "change_message": "[{\"changed\": {\"fields\": [\"Description\", \"Image\"]}}]"}}, {"model": "admin.logentry", "pk": 75, "fields": {"action_time": "2025-04-12T20:54:48.081Z", "user": 7, "content_type": 7, "object_id": "64", "object_repr": "SAW XI", "action_flag": 2, "change_message": "[{\"changed\": {\"fields\": [\"Description\", \"Image\"]}}]"}}, {"model": "admin.logentry", "pk": 76, "fields": {"action_time": "2025-04-12T20:54:56.965Z", "user": 7, "content_type": 7, "object_id": "63", "object_repr": "Conjuring 4", "action_flag": 2, "change_message": "[{\"changed\": {\"fields\": [\"Description\", \"Image\"]}}]"}}, {"model": "admin.logentry", "pk": 77, "fields": {"action_time": "2025-04-12T20:55:05.275Z", "user": 7, "content_type": 7, "object_id": "62", "object_repr": "Jurassic World 4", "action_flag": 2, "change_message": "[{\"changed\": {\"fields\": [\"Description\", \"Image\"]}}]"}}, {"model": "admin.logentry", "pk": 78, "fields": {"action_time": "2025-04-12T20:55:13.023Z", "user": 7, "content_type": 7, "object_id": "61", "object_repr": "Drachenzähmen Leichtgemacht", "action_flag": 2, "change_message": "[{\"changed\": {\"fields\": [\"Description\", \"Image\"]}}]"}}, {"model": "admin.logentry", "pk": 79, "fields": {"action_time": "2025-04-12T20:55:22.015Z", "user": 7, "content_type": 7, "object_id": "60", "object_repr": "Ballerina", "action_flag": 2, "change_message": "[{\"changed\": {\"fields\": [\"Description\", \"Image\"]}}]"}}, {"model": "admin.logentry", "pk": 80, "fields": {"action_time": "2025-04-12T20:55:30.875Z", "user": 7, "content_type": 7, "object_id": "59", "object_repr": "Lilo & Stitch", "action_flag": 2, "change_message": "[{\"changed\": {\"fields\": [\"Description\", \"Image\"]}}]"}}, {"model": "admin.logentry", "pk": 81, "fields": {"action_time": "2025-04-12T20:55:37.966Z", "user": 7, "content_type": 7, "object_id": "58", "object_repr": "Final Destination 6", "action_flag": 2, "change_message": "[{\"changed\": {\"fields\": [\"Description\", \"Image\"]}}]"}}, {"model": "admin.logentry", "pk": 82, "fields": {"action_time": "2025-04-12T20:55:44.747Z", "user": 7, "content_type": 7, "object_id": "56", "object_repr": "Fantastic Four", "action_flag": 2, "change_message": "[{\"changed\": {\"fields\": [\"Title\", \"Description\", \"Image\"]}}]"}}, {"model": "admin.logentry", "pk": 83, "fields": {"action_time": "2025-04-12T20:55:53.455Z", "user": 7, "content_type": 7, "object_id": "55", "object_repr": "Superman: Legacy", "action_flag": 2, "change_message": "[{\"changed\": {\"fields\": [\"Title\", \"Description\", \"Image\"]}}]"}}, {"model": "admin.logentry", "pk": 84, "fields": {"action_time": "2025-04-12T20:56:11.459Z", "user": 7, "content_type": 7, "object_id": "54", "object_repr": "Karate Kid Legends", "action_flag": 2, "change_message": "[{\"changed\": {\"fields\": [\"Title\", \"Description\", \"Image\"]}}]"}}, {"model": "admin.logentry", "pk": 85, "fields": {"action_time": "2025-04-12T20:56:32.370Z", "user": 7, "content_type": 7, "object_id": "53", "object_repr": "Minecraft", "action_flag": 2, "change_message": "[{\"changed\": {\"fields\": [\"Image\"]}}]"}}, {"model": "admin.logentry", "pk": 86, "fields": {"action_time": "2025-04-12T21:45:28.337Z", "user": 7, "content_type": 10, "object_id": "8", "object_repr": "Ballerina", "action_flag": 1, "change_message": "[{\"added\": {}}]"}}, {"model": "admin.logentry", "pk": 87, "fields": {"action_time": "2025-04-12T21:46:04.970Z", "user": 7, "content_type": 10, "object_id": "7", "object_repr": "Thunderbolts*", "action_flag": 2, "change_message": "[{\"changed\": {\"fields\": [\"Image\"]}}]"}}, {"model": "admin.logentry", "pk": 88, "fields": {"action_time": "2025-04-12T21:46:14.865Z", "user": 7, "content_type": 10, "object_id": "6", "object_repr": "Fantastic Four", "action_flag": 2, "change_message": "[{\"changed\": {\"fields\": [\"Image\"]}}]"}}, {"model": "admin.logentry", "pk": 89, "fields": {"action_time": "2025-04-12T21:46:21.702Z", "user": 7, "content_type": 10, "object_id": "5", "object_repr": "Superman Legacy", "action_flag": 2, "change_message": "[{\"changed\": {\"fields\": [\"Image\"]}}]"}}, {"model": "admin.logentry", "pk": 90, "fields": {"action_time": "2025-04-12T21:46:27.877Z", "user": 7, "content_type": 10, "object_id": "4", "object_repr": "Karate Kid Legends", "action_flag": 2, "change_message": "[{\"changed\": {\"fields\": [\"Image\"]}}]"}}, {"model": "admin.logentry", "pk": 91, "fields": {"action_time": "2025-04-12T21:46:36.009Z", "user": 7, "content_type": 10, "object_id": "3", "object_repr": "Minecraft", "action_flag": 2, "change_message": "[{\"changed\": {\"fields\": [\"Image\"]}}]"}}, {"model": "admin.logentry", "pk": 92, "fields": {"action_time": "2025-04-12T21:47:23.899Z", "user": 7, "content_type": 10, "object_id": "9", "object_repr": "Finale Destination 6", "action_flag": 1, "change_message": "[{\"added\": {}}]"}}, {"model": "admin.logentry", "pk": 93, "fields": {"action_time": "2025-04-12T21:47:47.657Z", "user": 7, "content_type": 10, "object_id": "10", "object_repr": "Lilo & Stitch", "action_flag": 1, "change_message": "[{\"added\": {}}]"}}, {"model": "admin.logentry", "pk": 94, "fields": {"action_time": "2025-04-12T21:48:19.097Z", "user": 7, "content_type": 10, "object_id": "11", "object_repr": "Drachenzähmen Leichtgemacht", "action_flag": 1, "change_message": "[{\"added\": {}}]"}}, {"model": "admin.logentry", "pk": 95, "fields": {"action_time": "2025-04-12T21:48:51.482Z", "user": 7, "content_type": 10, "object_id": "12", "object_repr": "Jurassic World 4", "action_flag": 1, "change_message": "[{\"added\": {}}]"}}, {"model": "admin.logentry", "pk": 96, "fields": {"action_time": "2025-04-12T21:49:16.674Z", "user": 7, "content_type": 10, "object_id": "13", "object_repr": "Conjuring 4", "action_flag": 1, "change_message": "[{\"added\": {}}]"}}, {"model": "admin.logentry", "pk": 97, "fields": {"action_time": "2025-04-12T21:49:41.972Z", "user": 7, "content_type": 10, "object_id": "14", "object_repr": "SAW XI", "action_flag": 1, "change_message": "[{\"added\": {}}]"}}, {"model": "admin.logentry", "pk": 98, "fields": {"action_time": "2025-04-12T21:50:22.573Z", "user": 7, "content_type": 10, "object_id": "15", "object_repr": "Michael Jackson", "action_flag": 1, "change_message": "[{\"added\": {}}]"}}, {"model": "admin.logentry", "pk": 99, "fields": {"action_time": "2025-04-12T21:50:49.576Z", "user": 7, "content_type": 10, "object_id": "16", "object_repr": "Tron: Ares", "action_flag": 1, "change_message": "[{\"added\": {}}]"}}, {"model": "admin.logentry", "pk": 100, "fields": {"action_time": "2025-04-12T21:51:14.323Z", "user": 7, "content_type": 10, "object_id": "17", "object_repr": "The Black Phone 2", "action_flag": 1, "change_message": "[{\"added\": {}}]"}}, {"model": "admin.logentry", "pk": 101, "fields": {"action_time": "2025-04-12T21:51:31.895Z", "user": 7, "content_type": 10, "object_id": "18", "object_repr": "Wicked 2", "action_flag": 1, "change_message": "[{\"added\": {}}]"}}, {"model": "admin.logentry", "pk": 102, "fields": {"action_time": "2025-04-12T21:51:52.024Z", "user": 7, "content_type": 10, "object_id": "19", "object_repr": "Zoomania 2", "action_flag": 1, "change_message": "[{\"added\": {}}]"}}, {"model": "admin.logentry", "pk": 103, "fields": {"action_time": "2025-04-12T21:52:29.702Z", "user": 7, "content_type": 10, "object_id": "20", "object_repr": "Five Nights at Freddy's 2", "action_flag": 1, "change_message": "[{\"added\": {}}]"}}, {"model": "admin.logentry", "pk": 104, "fields": {"action_time": "2025-04-12T21:52:51.926Z", "user": 7, "content_type": 10, "object_id": "21", "object_repr": "Avatar 3", "action_flag": 1, "change_message": "[{\"added\": {}}]"}}, {"model": "admin.logentry", "pk": 105, "fields": {"action_time": "2025-04-12T22:14:01.877Z", "user": 7, "content_type": 11, "object_id": "2", "object_repr": "Deadpool & Wolverine", "action_flag": 2, "change_message": "[{\"changed\": {\"fields\": [\"Link\"]}}]"}}, {"model": "admin.logentry", "pk": 106, "fields": {"action_time": "2025-04-12T22:15:53.108Z", "user": 7, "content_type": 11, "object_id": "8", "object_repr": "Schneewittchen", "action_flag": 2, "change_message": "[{\"changed\": {\"fields\": [\"Link\"]}}]"}}, {"model": "admin.logentry", "pk": 107, "fields": {"action_time": "2025-04-12T22:16:54.422Z", "user": 7, "content_type": 11, "object_id": "18", "object_repr": "Ein Minecraft Film", "action_flag": 2, "change_message": "[{\"changed\": {\"fields\": [\"Link\"]}}]"}}, {"model": "admin.logentry", "pk": 108, "fields": {"action_time": "2025-04-12T22:20:42.868Z", "user": 7, "content_type": 11, "object_id": "19", "object_repr": "Justice League", "action_flag": 1, "change_message": "[{\"added\": {}}]"}}, {"model": "admin.logentry", "pk": 109, "fields": {"action_time": "2025-04-12T22:23:12.276Z", "user": 7, "content_type": 11, "object_id": "20", "object_repr": "The Dark Knight", "action_flag": 1, "change_message": "[{\"added\": {}}]"}}, {"model": "admin.logentry", "pk": 110, "fields": {"action_time": "2025-04-12T22:25:54.019Z", "user": 7, "content_type": 11, "object_id": "21", "object_repr": "Batman Begins", "action_flag": 1, "change_message": "[{\"added\": {}}]"}}, {"model": "admin.logentry", "pk": 111, "fields": {"action_time": "2025-04-12T22:26:57.597Z", "user": 7, "content_type": 11, "object_id": "22", "object_repr": "The Dark Knight Rises", "action_flag": 1, "change_message": "[{\"added\": {}}]"}}, {"model": "admin.logentry", "pk": 112, "fields": {"action_time": "2025-04-12T22:28:58.437Z", "user": 7, "content_type": 11, "object_id": "23", "object_repr": "Batman v Superman", "action_flag": 1, "change_message": "[{\"added\": {}}]"}}, {"model": "admin.logentry", "pk": 113, "fields": {"action_time": "2025-04-12T22:30:04.516Z", "user": 7, "content_type": 11, "object_id": "24", "object_repr": "Batman", "action_flag": 1, "change_message": "[{\"added\": {}}]"}}, {"model": "admin.logentry", "pk": 114, "fields": {"action_time": "2025-04-12T22:30:47.185Z", "user": 7, "content_type": 11, "object_id": "25", "object_repr": "Batman Forever", "action_flag": 1, "change_message": "[{\"added\": {}}]"}}, {"model": "admin.logentry", "pk": 115, "fields": {"action_time": "2025-04-12T22:31:48.014Z", "user": 7, "content_type": 11, "object_id": "26", "object_repr": "Batman & Robin", "action_flag": 1, "change_message": "[{\"added\": {}}]"}}, {"model": "admin.logentry", "pk": 116, "fields": {"action_time": "2025-04-12T22:33:57.331Z", "user": 7, "content_type": 11, "object_id": "27", "object_repr": "Ant Man 3", "action_flag": 1, "change_message": "[{\"added\": {}}]"}}, {"model": "admin.logentry", "pk": 117, "fields": {"action_time": "2025-04-13T11:31:22.492Z", "user": 7, "content_type": 11, "object_id": "28", "object_repr": "Captain America", "action_flag": 1, "change_message": "[{\"added\": {}}]"}}, {"model": "admin.logentry", "pk": 118, "fields": {"action_time": "2025-04-13T11:32:21.487Z", "user": 7, "content_type": 11, "object_id": "29", "object_repr": "Captain America: Civil War", "action_flag": 1, "change_message": "[{\"added\": {}}]"}}, {"model": "admin.logentry", "pk": 119, "fields": {"action_time": "2025-04-13T11:33:15.380Z", "user": 7, "content_type": 11, "object_id": "30", "object_repr": "Captain America: The Winter Solider", "action_flag": 1, "change_message": "[{\"added\": {}}]"}}, {"model": "admin.logentry", "pk": 120, "fields": {"action_time": "2025-04-13T11:33:49.412Z", "user": 7, "content_type": 11, "object_id": "5", "object_repr": "Captain America: Brave New World", "action_flag": 2, "change_message": "[{\"changed\": {\"fields\": [\"Title\"]}}]"}}, {"model": "admin.logentry", "pk": 121, "fields": {"action_time": "2025-04-13T11:35:21.770Z", "user": 7, "content_type": 11, "object_id": "31", "object_repr": "Black Widow", "action_flag": 1, "change_message": "[{\"added\": {}}]"}}, {"model": "admin.logentry", "pk": 122, "fields": {"action_time": "2025-04-13T11:37:00.980Z", "user": 7, "content_type": 11, "object_id": "32", "object_repr": "Iron Man", "action_flag": 1, "change_message": "[{\"added\": {}}]"}}, {"model": "admin.logentry", "pk": 123, "fields": {"action_time": "2025-04-13T11:38:07.593Z", "user": 7, "content_type": 11, "object_id": "33", "object_repr": "Iron Man 2", "action_flag": 1, "change_message": "[{\"added\": {}}]"}}, {"model": "admin.logentry", "pk": 124, "fields": {"action_time": "2025-04-13T11:38:45.128Z", "user": 7, "content_type": 11, "object_id": "34", "object_repr": "Iron Man 3", "action_flag": 1, "change_message": "[{\"added\": {}}]"}}, {"model": "admin.logentry", "pk": 125, "fields": {"action_time": "2025-04-13T11:44:13.681Z", "user": 7, "content_type": 11, "object_id": "35", "object_repr": "Star Wars: Episode 1", "action_flag": 1, "change_message": "[{\"added\": {}}]"}}, {"model": "admin.logentry", "pk": 126, "fields": {"action_time": "2025-04-13T11:44:58.024Z", "user": 7, "content_type": 11, "object_id": "36", "object_repr": "Star Wars: Episode 2", "action_flag": 1, "change_message": "[{\"added\": {}}]"}}, {"model": "admin.logentry", "pk": 127, "fields": {"action_time": "2025-04-13T11:45:41.606Z", "user": 7, "content_type": 11, "object_id": "37", "object_repr": "Star Wars: Episode 3", "action_flag": 1, "change_message": "[{\"added\": {}}]"}}, {"model": "admin.logentry", "pk": 128, "fields": {"action_time": "2025-04-13T11:47:03.441Z", "user": 7, "content_type": 11, "object_id": "38", "object_repr": "Star Wars Episode 4", "action_flag": 1, "change_message": "[{\"added\": {}}]"}}, {"model": "admin.logentry", "pk": 129, "fields": {"action_time": "2025-04-13T11:47:48.793Z", "user": 7, "content_type": 11, "object_id": "39", "object_repr": "Star Wars Episode 5", "action_flag": 1, "change_message": "[{\"added\": {}}]"}}, {"model": "admin.logentry", "pk": 130, "fields": {"action_time": "2025-04-13T11:48:22.267Z", "user": 7, "content_type": 11, "object_id": "39", "object_repr": "Star Wars Episode 6", "action_flag": 2, "change_message": "[{\"changed\": {\"fields\": [\"Title\"]}}]"}}, {"model": "admin.logentry", "pk": 131, "fields": {"action_time": "2025-04-13T11:48:50.700Z", "user": 7, "content_type": 11, "object_id": "40", "object_repr": "Star Wars Episode 5", "action_flag": 1, "change_message": "[{\"added\": {}}]"}}, {"model": "admin.logentry", "pk": 132, "fields": {"action_time": "2025-04-13T11:49:38.952Z", "user": 7, "content_type": 11, "object_id": "41", "object_repr": "Star Wars: Das Erwachen der Macht", "action_flag": 1, "change_message": "[{\"added\": {}}]"}}, {"model": "admin.logentry", "pk": 133, "fields": {"action_time": "2025-04-13T11:50:18.890Z", "user": 7, "content_type": 11, "object_id": "42", "object_repr": "Star Wars: Die letzten Jedi", "action_flag": 1, "change_message": "[{\"added\": {}}]"}}, {"model": "admin.logentry", "pk": 134, "fields": {"action_time": "2025-04-13T11:50:55.685Z", "user": 7, "content_type": 11, "object_id": "43", "object_repr": "Star Wars: Der Aufstieg Skywalkers", "action_flag": 1, "change_message": "[{\"added\": {}}]"}}, {"model": "admin.logentry", "pk": 135, "fields": {"action_time": "2025-04-13T11:51:37.302Z", "user": 7, "content_type": 11, "object_id": "37", "object_repr": "Star Wars Episode 3", "action_flag": 2, "change_message": "[{\"changed\": {\"fields\": [\"Title\"]}}]"}}, {"model": "admin.logentry", "pk": 136, "fields": {"action_time": "2025-04-13T11:51:42.050Z", "user": 7, "content_type": 11, "object_id": "36", "object_repr": "Star Wars Episode 2", "action_flag": 2, "change_message": "[{\"changed\": {\"fields\": [\"Title\"]}}]"}}, {"model": "admin.logentry", "pk": 137, "fields": {"action_time": "2025-04-13T11:51:46.606Z", "user": 7, "content_type": 11, "object_id": "35", "object_repr": "Star Wars Episode 1", "action_flag": 2, "change_message": "[{\"changed\": {\"fields\": [\"Title\"]}}]"}}, {"model": "admin.logentry", "pk": 138, "fields": {"action_time": "2025-04-13T11:57:53.614Z", "user": 7, "content_type": 11, "object_id": "44", "object_repr": "Ant Man", "action_flag": 1, "change_message": "[{\"added\": {}}]"}}, {"model": "admin.logentry", "pk": 139, "fields": {"action_time": "2025-04-13T11:58:33.188Z", "user": 7, "content_type": 11, "object_id": "45", "object_repr": "Ant Man 2", "action_flag": 1, "change_message": "[{\"added\": {}}]"}}, {"model": "admin.logentry", "pk": 140, "fields": {"action_time": "2025-04-13T11:58:46.453Z", "user": 7, "content_type": 11, "object_id": "45", "object_repr": "Ant Man 2", "action_flag": 2, "change_message": "[{\"changed\": {\"fields\": [\"Image\"]}}]"}}, {"model": "admin.logentry", "pk": 141, "fields": {"action_time": "2025-04-13T12:05:27.584Z", "user": 7, "content_type": 11, "object_id": "46", "object_repr": "Der Super Mario Bros Film", "action_flag": 1, "change_message": "[{\"added\": {}}]"}}, {"model": "admin.logentry", "pk": 142, "fields": {"action_time": "2025-04-13T12:05:42.494Z", "user": 7, "content_type": 11, "object_id": "46", "object_repr": "Der Super Mario Bros Film", "action_flag": 2, "change_message": "[{\"changed\": {\"fields\": [\"Image\"]}}]"}}, {"model": "admin.logentry", "pk": 143, "fields": {"action_time": "2025-04-13T12:53:35.233Z", "user": 7, "content_type": 7, "object_id": "65", "object_repr": "Michael Jackson", "action_flag": 2, "change_message": "[{\"changed\": {\"fields\": [\"Description\"]}}]"}}, {"model": "admin.logentry", "pk": 144, "fields": {"action_time": "2025-04-13T12:54:10.707Z", "user": 7, "content_type": 7, "object_id": "65", "object_repr": "Michael Jackson", "action_flag": 2, "change_message": "[{\"changed\": {\"fields\": [\"Description\"]}}]"}}, {"model": "admin.logentry", "pk": 145, "fields": {"action_time": "2025-04-19T21:28:20.439Z", "user": 7, "content_type": 7, "object_id": "53", "object_repr": "Minecraft", "action_flag": 2, "change_message": "[{\"changed\": {\"fields\": [\"Trailer url\"]}}]"}}, {"model": "admin.logentry", "pk": 146, "fields": {"action_time": "2025-04-19T21:30:32.516Z", "user": 7, "content_type": 7, "object_id": "53", "object_repr": "Minecraft", "action_flag": 2, "change_message": "[{\"changed\": {\"fields\": [\"Trailer url\"]}}]"}}, {"model": "admin.logentry", "pk": 147, "fields": {"action_time": "2025-04-19T21:33:22.015Z", "user": 7, "content_type": 7, "object_id": "53", "object_repr": "Minecraft", "action_flag": 2, "change_message": "[{\"changed\": {\"fields\": [\"Trailer url\"]}}]"}}, {"model": "admin.logentry", "pk": 148, "fields": {"action_time": "2025-04-19T21:34:44.556Z", "user": 7, "content_type": 7, "object_id": "53", "object_repr": "Minecraft", "action_flag": 2, "change_message": "[{\"changed\": {\"fields\": [\"Trailer url\"]}}]"}}, {"model": "admin.logentry", "pk": 149, "fields": {"action_time": "2025-04-19T21:40:03.311Z", "user": 7, "content_type": 7, "object_id": "53", "object_repr": "Minecraft", "action_flag": 2, "change_message": "[{\"changed\": {\"fields\": [\"Trailer url\"]}}]"}}, {"model": "admin.logentry", "pk": 150, "fields": {"action_time": "2025-04-19T21:41:45.508Z", "user": 7, "content_type": 7, "object_id": "53", "object_repr": "Minecraft", "action_flag": 2, "change_message": "[{\"changed\": {\"fields\": [\"Trailer url\"]}}]"}}, {"model": "admin.logentry", "pk": 151, "fields": {"action_time": "2025-04-19T21:42:14.902Z", "user": 7, "content_type": 7, "object_id": "53", "object_repr": "Minecraft", "action_flag": 2, "change_message": "[{\"changed\": {\"fields\": [\"Trailer url\"]}}]"}}, {"model": "admin.logentry", "pk": 152, "fields": {"action_time": "2025-04-19T21:52:25.776Z", "user": 7, "content_type": 7, "object_id": "53", "object_repr": "Minecraft", "action_flag": 2, "change_message": "[]"}}, {"model": "admin.logentry", "pk": 153, "fields": {"action_time": "2025-04-19T21:52:32.098Z", "user": 7, "content_type": 7, "object_id": "57", "object_repr": "Thunderbolts*", "action_flag": 2, "change_message": "[{\"changed\": {\"fields\": [\"Title\", \"Description\", \"Trailer url\"]}}]"}}, {"model": "admin.logentry", "pk": 154, "fields": {"action_time": "2025-04-19T21:53:15.615Z", "user": 7, "content_type": 7, "object_id": "54", "object_repr": "Karate Kid Legends", "action_flag": 2, "change_message": "[{\"changed\": {\"fields\": [\"Trailer url\"]}}]"}}, {"model": "admin.logentry", "pk": 155, "fields": {"action_time": "2025-04-19T21:53:50.517Z", "user": 7, "content_type": 7, "object_id": "58", "object_repr": "Final Destination 6", "action_flag": 2, "change_message": "[{\"changed\": {\"fields\": [\"Trailer url\"]}}]"}}, {"model": "admin.logentry", "pk": 156, "fields": {"action_time": "2025-04-19T21:54:17.454Z", "user": 7, "content_type": 7, "object_id": "55", "object_repr": "Superman: Legacy", "action_flag": 2, "change_message": "[{\"changed\": {\"fields\": [\"Trailer url\"]}}]"}}, {"model": "admin.logentry", "pk": 157, "fields": {"action_time": "2025-04-19T21:54:55.062Z", "user": 7, "content_type": 7, "object_id": "56", "object_repr": "Fantastic Four", "action_flag": 2, "change_message": "[{\"changed\": {\"fields\": [\"Trailer url\"]}}]"}}, {"model": "admin.logentry", "pk": 158, "fields": {"action_time": "2025-04-19T21:55:33.285Z", "user": 7, "content_type": 7, "object_id": "59", "object_repr": "Lilo & Stitch", "action_flag": 2, "change_message": "[{\"changed\": {\"fields\": [\"Trailer url\"]}}]"}}, {"model": "admin.logentry", "pk": 159, "fields": {"action_time": "2025-04-19T21:56:01.560Z", "user": 7, "content_type": 7, "object_id": "60", "object_repr": "Ballerina", "action_flag": 2, "change_message": "[{\"changed\": {\"fields\": [\"Trailer url\"]}}]"}}, {"model": "admin.logentry", "pk": 160, "fields": {"action_time": "2025-04-19T21:56:27.667Z", "user": 7, "content_type": 7, "object_id": "61", "object_repr": "Drachenzähmen Leichtgemacht", "action_flag": 2, "change_message": "[{\"changed\": {\"fields\": [\"Trailer url\"]}}]"}}, {"model": "admin.logentry", "pk": 161, "fields": {"action_time": "2025-04-19T21:57:03.734Z", "user": 7, "content_type": 7, "object_id": "62", "object_repr": "Jurassic World 4", "action_flag": 2, "change_message": "[{\"changed\": {\"fields\": [\"Trailer url\"]}}]"}}, {"model": "admin.logentry", "pk": 162, "fields": {"action_time": "2025-04-19T21:57:31.081Z", "user": 7, "content_type": 7, "object_id": "66", "object_repr": "Tron: Ares", "action_flag": 2, "change_message": "[{\"changed\": {\"fields\": [\"Trailer url\"]}}]"}}, {"model": "admin.logentry", "pk": 163, "fields": {"action_time": "2025-04-19T21:58:02.667Z", "user": 7, "content_type": 7, "object_id": "71", "object_repr": "Five Nights at Freddys 2", "action_flag": 2, "change_message": "[{\"changed\": {\"fields\": [\"Trailer url\"]}}]"}}, {"model": "admin.logentry", "pk": 164, "fields": {"action_time": "2025-04-19T23:13:52.423Z", "user": 7, "content_type": 11, "object_id": "47", "object_repr": "Blood & Sinners", "action_flag": 1, "change_message": "[{\"added\": {}}]"}}, {"model": "admin.logentry", "pk": 165, "fields": {"action_time": "2025-04-19T23:16:24.253Z", "user": 7, "content_type": 11, "object_id": "48", "object_repr": "Drop - Tödliches Date", "action_flag": 1, "change_message": "[{\"added\": {}}]"}}, {"model": "admin.logentry", "pk": 166, "fields": {"action_time": "2025-04-19T23:19:00.764Z", "user": 7, "content_type": 11, "object_id": "49", "object_repr": "A Working Man", "action_flag": 1, "change_message": "[{\"added\": {}}]"}}, {"model": "admin.logentry", "pk": 167, "fields": {"action_time": "2025-04-19T23:20:15.220Z", "user": 7, "content_type": 11, "object_id": "50", "object_repr": "The Monkey", "action_flag": 1, "change_message": "[{\"added\": {}}]"}}, {"model": "admin.logentry", "pk": 168, "fields": {"action_time": "2025-04-19T23:31:19.645Z", "user": 7, "content_type": 11, "object_id": "47", "object_repr": "Blood & Sinners", "action_flag": 2, "change_message": "[{\"changed\": {\"fields\": [\"Release date\"]}}]"}}, {"model": "admin.logentry", "pk": 169, "fields": {"action_time": "2025-04-19T23:35:56.428Z", "user": 7, "content_type": 11, "object_id": "18", "object_repr": "Ein Minecraft Film", "action_flag": 2, "change_message": "[{\"changed\": {\"fields\": [\"Release date\"]}}]"}}, {"model": "admin.logentry", "pk": 170, "fields": {"action_time": "2025-04-19T23:36:43.203Z", "user": 7, "content_type": 11, "object_id": "2", "object_repr": "Deadpool & Wolverine", "action_flag": 2, "change_message": "[{\"changed\": {\"fields\": [\"Release date\"]}}]"}}, {"model": "admin.logentry", "pk": 171, "fields": {"action_time": "2025-04-19T23:57:48.870Z", "user": 7, "content_type": 11, "object_id": "50", "object_repr": "The Monkey", "action_flag": 2, "change_message": "[{\"changed\": {\"fields\": [\"Release date\"]}}]"}}, {"model": "admin.logentry", "pk": 172, "fields": {"action_time": "2025-04-19T23:58:26.693Z", "user": 7, "content_type": 11, "object_id": "48", "object_repr": "Drop - Tödliches Date", "action_flag": 2, "change_message": "[{\"changed\": {\"fields\": [\"Release date\"]}}]"}}, {"model": "admin.logentry", "pk": 173, "fields": {"action_time": "2025-04-20T00:00:33.639Z", "user": 7, "content_type": 11, "object_id": "49", "object_repr": "A Working Man", "action_flag": 2, "change_message": "[{\"changed\": {\"fields\": [\"Release date\"]}}]"}}, {"model": "admin.logentry", "pk": 174, "fields": {"action_time": "2025-04-20T00:01:13.165Z", "user": 7, "content_type": 11, "object_id": "8", "object_repr": "Schneewittchen", "action_flag": 2, "change_message": "[{\"changed\": {\"fields\": [\"Release date\"]}}]"}}, {"model": "admin.logentry", "pk": 175, "fields": {"action_time": "2025-04-20T14:00:34.155Z", "user": 7, "content_type": 8, "object_id": "25", "object_repr": "Anonym - Five Nights at Freddys 2", "action_flag": 3, "change_message": ""}}, {"model": "admin.logentry", "pk": 176, "fields": {"action_time": "2025-04-20T14:00:34.155Z", "user": 7, "content_type": 8, "object_id": "24", "object_repr": "Anonym - Fantastic Four", "action_flag": 3, "change_message": ""}}, {"model": "admin.logentry", "pk": 177, "fields": {"action_time": "2025-04-20T14:00:34.155Z", "user": 7, "content_type": 8, "object_id": "23", "object_repr": "Anonym - Thunderbolts*", "action_flag": 3, "change_message": ""}}, {"model": "admin.logentry", "pk": 178, "fields": {"action_time": "2025-04-20T14:00:34.155Z", "user": 7, "content_type": 8, "object_id": "22", "object_repr": "Anonym - Karate Kid Legends", "action_flag": 3, "change_message": ""}}, {"model": "admin.logentry", "pk": 179, "fields": {"action_time": "2025-04-20T14:00:34.155Z", "user": 7, "content_type": 8, "object_id": "21", "object_repr": "Anonym - Minecraft", "action_flag": 3, "change_message": ""}}, {"model": "admin.logentry", "pk": 180, "fields": {"action_time": "2025-04-20T14:00:34.155Z", "user": 7, "content_type": 8, "object_id": "20", "object_repr": "Anonym - Five Nights at Freddys 2", "action_flag": 3, "change_message": ""}}, {"model": "admin.logentry", "pk": 181, "fields": {"action_time": "2025-04-20T14:00:34.155Z", "user": 7, "content_type": 8, "object_id": "19", "object_repr": "Anonym - Drachenzähmen Leichtgemacht", "action_flag": 3, "change_message": ""}}, {"model": "admin.logentry", "pk": 182, "fields": {"action_time": "2025-04-20T14:00:34.155Z", "user": 7, "content_type": 8, "object_id": "18", "object_repr": "Anonym - Minecraft", "action_flag": 3, "change_message": ""}}, {"model": "admin.logentry", "pk": 183, "fields": {"action_time": "2025-04-20T16:10:06.530Z", "user": 7, "content_type": 11, "object_id": "51", "object_repr": "The Amateur", "action_flag": 1, "change_message": "[{\"added\": {}}]"}}, {"model": "admin.logentry", "pk": 184, "fields": {"action_time": "2025-04-20T16:11:54.310Z", "user": 7, "content_type": 11, "object_id": "52", "object_repr": "Mr. No Pain", "action_flag": 1, "change_message": "[{\"added\": {}}]"}}, {"model": "admin.logentry", "pk": 185, "fields": {"action_time": "2025-04-20T16:14:05.733Z", "user": 7, "content_type": 11, "object_id": "53", "object_repr": "Flight Risk", "action_flag": 1, "change_message": "[{\"added\": {}}]"}}, {"model": "admin.logentry", "pk": 186, "fields": {"action_time": "2025-04-20T16:14:51.658Z", "user": 7, "content_type": 11, "object_id": "53", "object_repr": "Flight Risk", "action_flag": 2, "change_message": "[{\"changed\": {\"fields\": [\"Release date\"]}}]"}}, {"model": "auth.user", "pk": 1, "fields": {"password": "pbkdf2_sha256$390000$OOjhNGdyPIEdS6tFwxjy0m$Oi1c0tlkB+lpJjmUMYk+4hE3k9gfM+rotlrBZGfa+PE=", "last_login": "2024-04-08T10:25:04.833Z", "is_superuser": true, "username": "devin.ekinci", "first_name": "", "last_name": "", "email": "", "is_staff": true, "is_active": true, "date_joined": "2024-04-08T10:21:59.548Z", "groups": [], "user_permissions": []}}, {"model": "auth.user", "pk": 2, "fields": {"password": "pbkdf2_sha256$390000$Deuya6hzmONxWUm99Vwq3l$Lu+IMJJ2OL17aBIOjmUntzNUxUt2+/O9D4yF6s0K8tI=", "last_login": "2024-04-26T10:34:28.856Z", "is_superuser": true, "username": "devin", "first_name": "", "last_name": "", "email": "", "is_staff": true, "is_active": true, "date_joined": "2024-04-22T09:57:36.975Z", "groups": [], "user_permissions": []}}, {"model": "auth.user", "pk": 3, "fields": {"password": "pbkdf2_sha256$390000$0R8jX5Ow9p1SvGkekk8lgn$ZQBNjebA7zOYzX7Gl1xhPJT1e33vyiMnylvR3w4p6yQ=", "last_login": "2024-06-21T10:08:29.675Z", "is_superuser": true, "username": "devin.", "first_name": "", "last_name": "", "email": "", "is_staff": true, "is_active": true, "date_joined": "2024-05-13T09:42:14.380Z", "groups": [], "user_permissions": []}}, {"model": "auth.user", "pk": 4, "fields": {"password": "pbkdf2_sha256$390000$2fwNs8JMTPQB83mgk1Q4ID$yv0T4bCxCmg85HqgshpTGuSIQ4qjoPhjL1agp1TH3j0=", "last_login": "2024-06-07T10:26:05.723Z", "is_superuser": true, "username": "devin1", "first_name": "", "last_name": "", "email": "", "is_staff": true, "is_active": true, "date_joined": "2024-05-24T10:56:43.825Z", "groups": [], "user_permissions": []}}, {"model": "auth.user", "pk": 5, "fields": {"password": "pbkdf2_sha256$870000$V5ZHLNpUHNW1eIRAbZzGxA$537aaEjaLjXzsW67Gt5huQL880Io42RArPJWUrkBroA=", "last_login": "2025-03-30T17:37:11.977Z", "is_superuser": true, "username": "Fortnite", "first_name": "", "last_name": "", "email": "", "is_staff": true, "is_active": true, "date_joined": "2025-03-15T19:08:18.654Z", "groups": [], "user_permissions": []}}, {"model": "auth.user", "pk": 6, "fields": {"password": "pbkdf2_sha256$870000$8DVvQTqqsZAVAHPZ2OI6gl$YquB07AN2ecr4sYofJcnUclbYb7oDqV7IO1F/YX+SJQ=", "last_login": "2025-03-29T13:24:32.265Z", "is_superuser": true, "username": "Emir", "first_name": "", "last_name": "", "email": "", "is_staff": true, "is_active": true, "date_joined": "2025-03-20T14:57:26.902Z", "groups": [], "user_permissions": []}}, {"model": "auth.user", "pk": 7, "fields": {"password": "pbkdf2_sha256$870000$Ex43P6wjyGYs3ElJcFUQtV$buHBOdswpEN5eerD7lQhHEEzbkpYTP0Cbpg4LP+JG9A=", "last_login": "2025-04-22T20:20:01.218Z", "is_superuser": true, "username": "Emirmono", "first_name": "", "last_name": "", "email": "", "is_staff": true, "is_active": true, "date_joined": "2025-04-12T11:12:44.435Z", "groups": [], "user_permissions": []}}, {"model": "auth.user", "pk": 8, "fields": {"password": "pbkdf2_sha256$870000$KYR2lmHNKvo8GiiWZoSux8$dnkYM/wmwkr+cK7ZbvOnU2ci1A7TPGVrGP6AMzEkSQc=", "last_login": "2025-04-22T18:23:22.816Z", "is_superuser": false, "username": "Skibidi", "first_name": "", "last_name": "", "email": "", "is_staff": false, "is_active": true, "date_joined": "2025-04-22T18:04:33.713Z", "groups": [], "user_permissions": []}}, {"model": "auth.user", "pk": 9, "fields": {"password": "pbkdf2_sha256$870000$8G8eh6J9vSfTD1JZk0OUN3$3uVSMN52Gx4k/bgbj4K8EWtBfKbIbfR5oIg+2RkEUiU=", "last_login": "2025-04-22T18:22:26.021Z", "is_superuser": false, "username": "Sion", "first_name": "", "last_name": "", "email": "", "is_staff": false, "is_active": true, "date_joined": "2025-04-22T18:22:24.009Z", "groups": [], "user_permissions": []}}, {"model": "auth.user", "pk": 10, "fields": {"password": "pbkdf2_sha256$870000$leuNrpvpuG0BurL3UPyIpu$TKQ+VmPQa/zysGLNPyupbXaKesZFVKDQb2F38moEB8g=", "last_login": "2025-04-22T19:23:31.263Z", "is_superuser": false, "username": "Standartskill", "first_name": "", "last_name": "", "email": "", "is_staff": false, "is_active": true, "date_joined": "2025-04-22T19:23:28.697Z", "groups": [], "user_permissions": []}}, {"model": "sessions.session", "pk": "1gx03w396j2yj4mdl19chwo5g8tslu80", "fields": {"session_data": ".eJxVjMEOwiAQRP-FsyGUBQGP3v0GsguLVA1NSnsy_rtt0oMmc5r3Zt4i4rrUuHae45jFRWhx-u0I05PbDvID232SaWrLPJLcFXnQLm9T5tf1cP8OKva6rYMFMF6TAaBgdMbgFRcg6wdrCBhscQWdOm8J3pBToELinAfWvoAXny-3aTb1:1s0IuS:XewWTLZFnFs9P8ce8ylh2SDIjXOt0pA5kjxLZcJ77WE", "expire_date": "2024-05-10T10:34:28.869Z"}}, {"model": "sessions.session", "pk": "1wc0o4ij2hcb10h7f7vwfh5fk5zbp1dy", "fields": {"session_data": ".eJxVjDsOwyAQRO9CHSHMx5CU6XMGtLBLcBKBZOwq8t2NJRdJN3rzZr7Mw7pkvzaa_YTsxjS7_LIA8U3lKPAF5Vl5rGWZp8APhZ9t44-K9Lmf7t9Bhpb72pBwAtQAWiRprE1ghkR2dAGMoqtTYbTSKEQrIiIRkEydJdkDQtRs2wHk7Ti6:1sBXz9:pyYTvwbfb_C2E9XIn9WuwMsxuALDyCLxeZA0H6SRW3s", "expire_date": "2024-06-10T10:53:47.016Z"}}, {"model": "sessions.session", "pk": "2yms6fzo0q4p8wwiyxgnqlhojncp8dlx", "fields": {"session_data": ".eJxVjDsOwyAQRO9CHSHMx5CU6XMGtLBLcBKBZOwq8t2NJRdJN3rzZr7Mw7pkvzaa_YTsxjS7_LIA8U3lKPAF5Vl5rGWZp8APhZ9t44-K9Lmf7t9Bhpb72pBwAtQAWiRprE1ghkR2dAGMoqtTYbTSKEQrIiIRkEydJdkDQtRs2wHk7Ti6:1sFWnN:Cfh4-GM6MfHCcGJmMl2sabpE252shzMDcVW_173r4GI", "expire_date": "2024-06-21T10:26:05.742Z"}}, {"model": "sessions.session", "pk": "5ki278p2xw0dhuz2u6geaasaaopz9svh", "fields": {"session_data": ".eJxVjEEOwiAQRe_C2hAYtAwu3XsGMgODVE1JSrsy3l2bdKHb_977LxVpXWpcu8xxzOqsnDr8bkzpIdMG8p2mW9OpTcs8st4UvdOury3L87K7fweVev3WxBjKMLjgEeRojHd2EBDwnAuW5EMwgYMwQmGkjJgBwJySIHtLbNX7A9tDN-4:1s6SCW:XuukZRep3Sd-Z5jhkAKMUb7tck1Jy2yADJWO1YmBpbg", "expire_date": "2024-05-27T09:42:32.249Z"}}, {"model": "sessions.session", "pk": "doc2wdu27nqlqaj2niil243rpffnmq3t", "fields": {"session_data": ".eJxVjEEOwiAQRe_C2hAcKFCX7j0DGZhBqoYmpV0Z7y5NutDtf-_9twi4rSVsjZcwkbgIJ06_W8T05LoDemC9zzLNdV2mKHdFHrTJ20z8uh7u30HBVnptQCnvs9VkIQOMkM5xwAwmJhoJvWLnGLU3rAE5UrSDzapLWptOlPh8Ad85N_o:1u7K65:bTIFmV-BgLcEMMsAQ9jZlmSNVJ9q-5DRd3Qr3w6XfJ4", "expire_date": "2025-05-06T20:20:01.231Z"}}, {"model": "sessions.session", "pk": "g7drixlu6i0f51ez9417kzc26tcmeeuk", "fields": {"session_data": ".eJxVjDsOwyAQRO9CHSHMx5CU6XMGtLBLcBKBZOwq8t2NJRdJN3rzZr7Mw7pkvzaa_YTsxjS7_LIA8U3lKPAF5Vl5rGWZp8APhZ9t44-K9Lmf7t9Bhpb72pBwAtQAWiRprE1ghkR2dAGMoqtTYbTSKEQrIiIRkEydJdkDQtRs2wHk7Ti6:1sASbp:NsFac4xddElVYM8L5a4P89xUZ-spyVek2f86xud7FJo", "expire_date": "2024-06-07T10:57:13.933Z"}}, {"model": "sessions.session", "pk": "gae5a2y782qfi587gdn5wgqa0y100eg9", "fields": {"session_data": ".eJxVjEEOwiAQRe_C2hAYtAwu3XsGMgODVE1JSrsy3l2bdKHb_977LxVpXWpcu8xxzOqsnDr8bkzpIdMG8p2mW9OpTcs8st4UvdOury3L87K7fweVev3WxBjKMLjgEeRojHd2EBDwnAuW5EMwgYMwQmGkjJgBwJySIHtLbNX7A9tDN-4:1sKbC1:Hheeu2JQrSUoTSWi8dw6LUDK9m43eNdZvy4u278dSwE", "expire_date": "2024-07-05T10:08:29.680Z"}}, {"model": "sessions.session", "pk": "i2gjhfzf53f7y1tg4n5sbqdwzsbnvidx", "fields": {"session_data": ".eJxVjDsOwjAQBe_iGllxvP5R0nMGa9de4wBypDipEHeHSCmgfTPzXiLitta4dV7ilMVZWHH63QjTg9sO8h3bbZZpbusykdwVedAur3Pm5-Vw_w4q9vqtdQBKzjj0wFoXA6icZZ09gckhFQK0YWByumgwznoPgVVx4zCCIRXE-wPaXzc0:1tyWAq:h4OPk_N6nLB6Mwm55-NJgbIRjpFWrLVO2qLlJTzFDA0", "expire_date": "2025-04-12T13:24:32.271Z"}}, {"model": "sessions.session", "pk": "rga5d4l5v0vrww3j6qnxm0w1uh982ix6", "fields": {"session_data": ".eJxVjDsOwjAQBe_iGllxvP5R0nMGa9de4wBypDipEHeHSCmgfTPzXiLitta4dV7ilMVZWHH63QjTg9sO8h3bbZZpbusykdwVedAur3Pm5-Vw_w4q9vqtdQBKzjj0wFoXA6icZZ09gckhFQK0YWByumgwznoPgVVx4zCCIRXE-wPaXzc0:1tyWAo:s1pPdJ2tmAIcGGwMsHgBFoiWOurdGG-MDieai-seyyM", "expire_date": "2025-04-12T13:24:30.732Z"}}, {"model": "sessions.session", "pk": "rxnei9qib63hpcftnv8xhipohtrhnicq", "fields": {"session_data": ".eJxVjDsOwjAQBe_iGlnehfhDSc8ZrPV6jQPIkeKkQtwdIqWA9s3Me6lI61Lj2mWOY1ZnBerwuyXih7QN5Du126R5ass8Jr0peqddX6csz8vu_h1U6vVb-yE5EwTFF3HOMQMDcskeEmOweHJMLnksggyD9dkaQpvEAxgKR1DvD-4SN9M:1rtmBU:TbQXUOyNajfnwiMngXl7AqmVIFbgDIrNa7hrEhUYMfk", "expire_date": "2024-04-22T10:25:04.849Z"}}, {"model": "sessions.session", "pk": "zroeu8gujmy1no546yu7i80497esiidc", "fields": {"session_data": ".eJxVjMsOwiAQRf-FtSHlDS7d-w1kYAapGkhKuzL-uzbpQrf3nHNfLMK21rgNWuKM7MwMO_1uCfKD2g7wDu3Wee5tXebEd4UfdPBrR3peDvfvoMKo3zrlAkKmhEJ5AU65AMZLT2SNCRonrYLF4nOesqCCMmhttSan0EpHINj7A-6BN94:1ttWsC:y1p9SpUBa3fq0fx6xrjKT5pnuBmDRc9_H9aw1XyomC8", "expire_date": "2025-03-29T19:08:40.339Z"}}, {"model": "myproject.film", "pk": 53, "fields": {"title": "Minecraft", "description": "Minecraft ist ein angekündigter US-amerikanisch-britisch-schwedischer Film von Jared Hess. Es handelt sich um eine Verfilmung des gleichnamigen Computerspiels aus dem Jahr 2009. Der Film soll am 4. April 2025 in den Vereinigten Staaten veröffentlicht werden.", "image": "static/images/minecraft_EsWhjRN.webp", "release_date": "2025-04-03", "trailer_url": "Ow3LjpBR_bw?si=1BeX1Dy8dvsy1o0T\""}}, {"model": "myproject.film", "pk": 54, "fields": {"title": "Karate Kid Legends", "description": "Karate Kid ist ein aufstrebender amerikanischer Kampfkunstfilm unter der Regie von Jonathan Entwistle und geschrieben von Rob Lieber. Es ist der sechste Film in der Karate Kid-Franchise und die Stars Jackie Chan und Ralph Macchio, die beide ihre Rollen aus früheren Filmen wiederholen, mit Ben Wang als Hauptdarsteller neben Joshua Jackson, Sadie Stanley, Ming-Na Wen, Aramis Knight und Wyatt Oleff. Es ist der erste Film der Serie, der nicht von Jerry Weintraub produziert wurde, der 2015 starb. Es ist eine Fortsetzung des Films The Karate Kid (2010) aus dem Jahr 2010.Der Film soll am 30. Mai 2025 in den Kinos veröffentlicht werden.", "image": "static/images/karate.jpg", "release_date": "2025-05-29", "trailer_url": "bet8PCU00G0?si=g7bqx3YkQ49BYs1B"}}, {"model": "myproject.film", "pk": 55, "fields": {"title": "Superman: Legacy", "description": "Superman: Legacy ist ein kommender amerikanischer Superheldenfilm basierend auf DC Comics mit der gleichnamigen Figur. Der von DC Studios produzierte und von Warner Bros. Pictures vertriebene Film wird der erste Film im DC-Universum und ein Neustart der Superman-Filmreihe sein.Der Film erscheint am 10. Juli im Kino.", "image": "static/images/superman.jpg", "release_date": "2025-07-10", "trailer_url": "Z78bdFukzCE?si=RbtfjBlEtt6zMXbl"}}, {"model": "myproject.film", "pk": 56, "fields": {"title": "Fantastic Four", "description": "The Fantastic Four startet am 24. Juli 2025 in den deutschen Kinos. Es ist der insgesamt 37. Film im Marvel Cinematic Universe und das erste Mal, dass die gesamte F4-Familie dort auftaucht. Bereits 2022 verkörperte John Krasinski eine Variante von Mr. Fantastic in dem Multiversums-Abenteuer Doctor Strange in the Multiverse of Madness.", "image": "static/images/fantastic4.jpg", "release_date": "2025-07-24", "trailer_url": "kdJTQtyv6o8?si=r0IZu5-JrCJ9mcQx"}}, {"model": "myproject.film", "pk": 57, "fields": {"title": "Thunderbolts*", "description": "Thunderbolts* ist ein angekündigter US-amerikanischer Science-Fiction-Action-Film von Regisseur Jake Schreier, der am 2. Mai 2025 in die US-amerikanischen und einen Tag davor in die deutschen Kinos kommen soll. Es handelt sich um den 36. Spielfilm innerhalb des Marvel Cinematic Universe (MCU) und den Abschluss der sogenannten Phase Fünf.", "image": "/static/images/thunderbolts.jpg", "release_date": "2025-04-30", "trailer_url": "z8XYm7gruTs?si=rgso7nWIQatc4QIA"}}, {"model": "myproject.film", "pk": 58, "fields": {"title": "Final Destination 6", "description": "Final Destination ist ein US-amerikanischer Horrorfilm des Regisseurs James Wong aus dem Jahr 2000. Der Anfang des Films basiert auf einer wahren Begebenheit (bezogen auf die Absturzursache), dem Unfall einer Boeing 747 vor Long Island im Jahr 1996 (siehe TWA-Flug 800).", "image": "static/images/destination.jpg", "release_date": "2025-05-15", "trailer_url": "R1sJw1ByKk0?si=JUr9rZPS_4hWwxW_"}}, {"model": "myproject.film", "pk": 59, "fields": {"title": "Lilo & Stitch", "description": "Im Jahre 2002 erzählte \"Lilo & Stitch\" die Geschichte von Stitch, einem kleinen blauen Alien, der aus einem genetischen Experiment hervorging und infolge eines Unfalls auf der Erde strandet – und zwar auf Hawaii. Dort begegnet er Lilo, die nach dem Verlust ihrer Eltern bei ihrer älteren Schwester Nani wohnt. Die beiden schließen Freundschaft und stellen sich gemeinsam zahlreichen Gefahren. Das Live-Action-Remake soll sich gemäß ersten Auskünften inhaltlich eng an die beliebte Vorlage halten.", "image": "static/images/stitch.jpg", "release_date": "2025-05-22", "trailer_url": "5szoMLLIzGo?si=h-AC3D6HVKzzySK"}}, {"model": "myproject.film", "pk": 60, "fields": {"title": "Ballerina", "description": "From the World of John Wick: Ballerina ist ein angekündigter US-amerikanischer Actionfilm von Regisseur Len Wiseman, der am 6. Juni 2025 in die US-amerikanischen Kinos kommen soll. Es handelt sich um ein Spin-off zur John-Wick-Filmreihe, in dem Ana de Armas die titelgebende Hauptrolle einer Balletttänzerin verkörpert, die zur Killerin ausgebildet wird und sich an den Mördern ihrer Eltern rächt.", "image": "static/images/ballerina.jpg", "release_date": "2025-06-05", "trailer_url": "yLGe4cGxILY?si=n3D3QXQA2Df86_Ga"}}, {"model": "myproject.film", "pk": 61, "fields": {"title": "Drachenzähmen Leichtgemacht", "description": "Drachenzähmen leicht gemacht (Originaltitel: How to Train Your Dragon) ist ein US-amerikanischer Abenteuerfilm. Es handelt sich um die Realverfilmung der gleichnamigen Buchreihe von Cressida Cowell und der Animationsfilmtrilogie Drachenzähmen leicht gemacht. Der Film soll am 13. Juni 2025 in den USA erscheinen. Regie führt, wie auch bei den drei Animationsfilmen, der dreimalige Oscar-Nominierte Dean DeBlois.", "image": "static/images/dragons.jpg", "release_date": "2025-06-12", "trailer_url": "EYQRe0T3b_A?si=3AGU2mmfxLwyZ7Vk"}}, {"model": "myproject.film", "pk": 62, "fields": {"title": "Jurassic World 4", "description": "Jurassic World: Die Wiedergeburt (Originaltitel: Jurassic World Rebirth) ist ein angekündigter US-amerikanischer Science-Fiction-Abenteuerfilm von Regisseur Gareth Edwards, der am 2. Juli 2025 in die deutschen und US-amerikanischen Kinos kommen soll. Es handelt sich um den siebten Spielfilm innerhalb der Jurassic-Park-Reihe, der allerdings eine von den vorherigen Teilen unabhängige Geschichte erzählt. In den Hauptrollen verkörpern Scarlett Johansson, Mahershala Ali und Jonathan Bailey ein Expeditionsteam, das zu einer einsamen Insel aufbricht, um dort Dinosaurier-DNS für die Entwicklung von dringend benötigten Medikamenten zu extrahieren.", "image": "static/images/jurassic.jpg", "release_date": "2025-07-02", "trailer_url": "u6YN4pVpo0I?si=6lset4tTen6zao35"}}, {"model": "myproject.film", "pk": 63, "fields": {"title": "Conjuring 4", "description": "The Conjuring: Last Rites ist ein kommender US-amerikanischer Horrorfilm über das Übernatürliche unter der Regie von Michael Chaves . In den Hauptrollen sind Patrick Wilson und Vera Farmiga zu sehen , die ihre Rollen als paranormale Ermittler und Autoren Ed und Lorraine Warren wieder aufnehmen . Es ist die Fortsetzung von The Conjuring: The Devil Made Me Do It (2021) und der neunte Teil des Conjuring- Universums . James Wan und Peter Safran produzieren erneut.", "image": "static/images/conjuring.jpg", "release_date": "2025-09-04", "trailer_url": null}}, {"model": "myproject.film", "pk": 64, "fields": {"title": "SAW XI", "description": "Der Jigsaw-Killer kehrt ein weiteres Mal für sein perfides Todesspiel zurück. 2004 begann das Horrorfranchise unter der Regie von James Wan. Während der Horrorexperte inzwischen nur noch als Produzent beteiligt ist, kehrte Hauptdarsteller Tobin Bell für „SAW X“ in der Rolle von John Kramer 2023 im großen Stil zurück.", "image": "static/images/saw.jpg", "release_date": "2025-09-25", "trailer_url": null}}, {"model": "myproject.film", "pk": 65, "fields": {"title": "Michael Jackson", "description": "Michael ist ein angekündigtes US-amerikanisches biografisches Musikdrama unter der Regie von Antoine Fuqua und aus der Feder von John Logan, das auf dem Leben des amerikanischen Sängers, Songwriters und Tänzers Michael Jackson basiert. In den Hauptrollen spielen Jacksons Neffe Jaafar Jackson in seinem Filmdebüt, Colman Domingo, Nia Long, Miles Teller, Laura Harrier, Kat Graham, Larenz Tate und Derek Luke.\r\n\r\n**ACHTUNG**: Film könnte verschoben werden!", "image": "static/images/michael.jpg", "release_date": "2025-10-02", "trailer_url": null}}, {"model": "myproject.film", "pk": 66, "fields": {"title": "Tron: Ares", "description": "Tron 3 soll darauf basieren, dass es Programmen möglich ist, in die reale Welt der Menschen einzudringen. Zum Ende von \"Tron: Legacy\" soll das Programm Ares in die physische Welt übergegangen sein. Es ist noch nicht enthüllt worden, ob Ares in der Geschichte eine heldenhafte oder eine gegnerische Rolle spielen wird. Es besteht die Möglichkeit, dass er die Absichten von Clu weiterverfolgen will, welche die Vernichtung der fehlerbehafteten Menschheit vorsehen. Andererseits könnte es auch sein, dass der Charakter eher gezwungenermaßen in unsere Dimension gelangt ist. Es würde sicher eine faszinierende Erfahrung bieten, zu beobachten, wie ein auf Logik basierendes Computerprogramm sich in unserer realen Welt zurechtfinden muss. Es ist bisher nicht bekannt, ob Sam und Quorra erneut Teil der Geschichte sein werden.", "image": "static/images/tron.jpg", "release_date": "2025-10-09", "trailer_url": "ZofbceTySGQ?si=8Dhgv5EV7xs5XpG0"}}, {"model": "myproject.film", "pk": 67, "fields": {"title": "The Black Phone 2", "description": "The Black Phone 2 ist ein kommender US-amerikanischer Horrorfilm über übernatürliche Phänomene unter der Regie von Scott Derrickson . Das Drehbuch stammt von Derrickson und C. Robert Cargill , die beide zusammen mit Jason Blum produzieren. Der Film ist die Fortsetzung von The Black Phone (2021), einer Adaption der Kurzgeschichte von Joe Hill aus dem Jahr 2004. In den Hauptrollen sind Mason Thames , Madeleine McGraw , Jeremy Davies und Ethan Hawke zu sehen, außerdem ist Demián Bichir neu mit von der Partie.", "image": "static/images/black.jpg", "release_date": "2025-10-16", "trailer_url": null}}, {"model": "myproject.film", "pk": 68, "fields": {"title": "Wicked 2", "description": "Die kommende Fortsetzung \"Wicked: For Good\" setzt die Geschichte nahtlos fort und konzentriert sich auf die Konsequenzen der Entscheidungen von Elphaba und Glinda sowie die weiteren Entwicklungen in der Welt von Oz. Elphaba ist auf der Flucht vor den Autoritäten, während Glinda mit den moralischen Konsequenzen ihrer politischen Position umgehen muss.", "image": "static/images/wicked.jpg", "release_date": "2025-11-20", "trailer_url": null}}, {"model": "myproject.film", "pk": 69, "fields": {"title": "Zoomania 2", "description": "Zoomania 2 ist eine kommende amerikanische animierte Buddy-Cop-Komödie, die von den Walt Disney Animation Studios produziert wird. Der zweite Spielfilm der Zootopia-Reihe wird von Jared Bush und Byron Howard inszeniert, von Bush geschrieben und von Yvett Merino produziert.", "image": "static/images/zoomania.jpg", "release_date": "2025-11-27", "trailer_url": null}}, {"model": "myproject.film", "pk": 70, "fields": {"title": "Avatar 3", "description": "Avatar 3 ist ein angekündigter US-amerikanischer Science-Fiction-Film, für den James Cameron als Regisseur, Drehbuchautor und Filmproduzent fungiert. Es ist der dritte Film in Camerons Avatar-Filmreihe und eine Fortsetzung von Avatar: The Way of Water (2022). Cameron produziert den Film mit Jon Landau bei Lightstorm Entertainment. Der Kinostart des Films wurde mehrere Male verzögert, zuletzt im Zuge des WGA-Streiks 2023. Die Veröffentlichung ist nun für den 19. Dezember 2025 in den USA geplant. Zwei weitere Fortsetzungen befinden sich in Produktion und werden voraussichtlich am 21. Dezember 2029 bzw. 19. Dezember 2031 in den USA veröffentlicht.", "image": "static/images/avatar.jpg", "release_date": "2025-12-17", "trailer_url": null}}, {"model": "myproject.film", "pk": 71, "fields": {"title": "Five Nights at Freddys 2", "description": "Five Nights at Freddys 2 ist ein kommender amerikanischer übernatürlicher Horrorfilm unter der Regie von Emma Tammi. Die Fortsetzung von Five Nights at Freddys basiert auf Scott Cawthons Videospiel-Franchise Five Nights at Freddys.", "image": "/static/images/fnaf.jpg", "release_date": "2025-12-04", "trailer_url": "wjsP9Y7P1Bs?si=aj8cf6BW2BfkCgwa"}}, {"model": "myproject.kommentar", "pk": 26, "fields": {"film": 57, "user": 7, "content": "moin", "created_at": "2025-04-20T13:38:27.644Z"}}, {"model": "myproject.kommentar", "pk": 27, "fields": {"film": 57, "user": 7, "content": "Was geht", "created_at": "2025-04-20T13:40:22.668Z"}}, {"model": "myproject.kommentar", "pk": 28, "fields": {"film": 61, "user": 7, "content": "Hab bock", "created_at": "2025-04-20T13:44:48.603Z"}}, {"model": "myproject.kommentar", "pk": 29, "fields": {"film": 53, "user": 7, "content": "moin", "created_at": "2025-04-20T13:49:18.078Z"}}, {"model": "myproject.kommentar", "pk": 30, "fields": {"film": 56, "user": 7, "content": "Trailer sieht krank krass aus", "created_at": "2025-04-20T14:01:02.192Z"}}, {"model": "myproject.kommentar", "pk": 31, "fields": {"film": 66, "user": 7, "content": "geil", "created_at": "2025-04-20T14:11:42.233Z"}}, {"model": "myproject.kommentar", "pk": 32, "fields": {"film": 70, "user": 7, "content": "sweet", "created_at": "2025-04-20T16:02:07.177Z"}}, {"model": "myproject.kommentar", "pk": 33, "fields": {"film": 57, "user": 7, "content": "geil", "created_at": "2025-04-22T18:07:08.596Z"}}, {"model": "myproject.kommentar", "pk": 34, "fields": {"film": 57, "user": 8, "content": "moin", "created_at": "2025-04-22T18:23:38.875Z"}}, {"model": "myproject.kommentar", "pk": 35, "fields": {"film": 53, "user": 10, "content": "geiler film", "created_at": "2025-04-22T19:25:28.765Z"}}, {"model": "myproject.favorit", "pk": 26, "fields": {"user": 5, "film": 53, "hinzugefügt_am": "2025-03-17T20:40:15.607Z"}}, {"model": "myproject.favorit", "pk": 27, "fields": {"user": 5, "film": 54, "hinzugefügt_am": "2025-03-17T20:40:19.180Z"}}, {"model": "myproject.favorit", "pk": 28, "fields": {"user": 5, "film": 56, "hinzugefügt_am": "2025-03-17T20:40:23.262Z"}}, {"model": "myproject.favorit", "pk": 29, "fields": {"user": 5, "film": 55, "hinzugefügt_am": "2025-03-17T20:40:26.611Z"}}, {"model": "myproject.favorit", "pk": 30, "fields": {"user": 5, "film": 63, "hinzugefügt_am": "2025-03-17T20:40:34.332Z"}}, {"model": "myproject.favorit", "pk": 31, "fields": {"user": 5, "film": 67, "hinzugefügt_am": "2025-03-17T20:40:40.633Z"}}, {"model": "myproject.favorit", "pk": 32, "fields": {"user": 5, "film": 71, "hinzugefügt_am": "2025-03-17T20:40:45.186Z"}}, {"model": "myproject.favorit", "pk": 33, "fields": {"user": 5, "film": 70, "hinzugefügt_am": "2025-03-17T20:40:50.412Z"}}, {"model": "myproject.favorit", "pk": 39, "fields": {"user": 7, "film": 54, "hinzugefügt_am": "2025-04-12T15:08:45.508Z"}}, {"model": "myproject.favorit", "pk": 40, "fields": {"user": 7, "film": 55, "hinzugefügt_am": "2025-04-12T15:08:49.658Z"}}, {"model": "myproject.favorit", "pk": 41, "fields": {"user": 7, "film": 56, "hinzugefügt_am": "2025-04-12T15:09:02.075Z"}}, {"model": "myproject.favorit", "pk": 43, "fields": {"user": 7, "film": 68, "hinzugefügt_am": "2025-04-12T15:09:14.757Z"}}, {"model": "myproject.favorit", "pk": 44, "fields": {"user": 7, "film": 66, "hinzugefügt_am": "2025-04-12T15:09:18.471Z"}}, {"model": "myproject.favorit", "pk": 71, "fields": {"user": 7, "film": 57, "hinzugefügt_am": "2025-04-20T13:26:41.291Z"}}, {"model": "myproject.favorit", "pk": 81, "fields": {"user": 7, "film": 58, "hinzugefügt_am": "2025-04-20T13:59:23.720Z"}}, {"model": "myproject.favorit", "pk": 82, "fields": {"user": 7, "film": 53, "hinzugefügt_am": "2025-04-20T15:05:01.295Z"}}, {"model": "myproject.favorit", "pk": 83, "fields": {"user": 8, "film": 57, "hinzugefügt_am": "2025-04-22T18:23:58.703Z"}}, {"model": "myproject.favorit", "pk": 129, "fields": {"user": 8, "film": 61, "hinzugefügt_am": "2025-04-22T18:25:02.816Z"}}, {"model": "myproject.favorit", "pk": 130, "fields": {"user": 10, "film": 57, "hinzugefügt_am": "2025-04-22T19:25:45.713Z"}}, {"model": "myproject.favorit", "pk": 132, "fields": {"user": 10, "film": 59, "hinzugefügt_am": "2025-04-22T19:26:32.018Z"}}, {"model": "myproject.favorit", "pk": 133, "fields": {"user": 10, "film": 61, "hinzugefügt_am": "2025-04-22T19:26:40.236Z"}}, {"model": "myproject.event", "pk": 3, "fields": {"title": "Minecraft", "date": "2025-04-03", "description": "Der Erste Minecraft Film kommt endlich ins Kino!", "image": "static/images/minecraft.jpg"}}, {"model": "myproject.event", "pk": 4, "fields": {"title": "Karate Kid Legends", "date": "2025-05-29", "description": "Die Fortsetzung aus 2010!", "image": "static/images/karate_YC8Onn2.jpg"}}, {"model": "myproject.event", "pk": 5, "fields": {"title": "Superman Legacy", "date": "2025-07-10", "description": "Ein neuer Anfang!", "image": "static/images/superman_zZi1rr3.jpg"}}, {"model": "myproject.event", "pk": 6, "fields": {"title": "Fantastic Four", "date": "2025-07-23", "description": "Ein neuer Anfang!", "image": "static/images/fantastic4_DxlzhO6.jpg"}}, {"model": "myproject.event", "pk": 7, "fields": {"title": "Thunderbolts*", "date": "2025-04-30", "description": "Ein neuer Marvel-Studios Film!", "image": "static/images/thunderbolts_9m3T3Fe.jpg"}}, {"model": "myproject.event", "pk": 8, "fields": {"title": "Ballerina", "date": "2025-06-05", "description": "Keine Beschreibung verfügbar", "image": "static/images/ballerina_VjazKw9.jpg"}}, {"model": "myproject.event", "pk": 9, "fields": {"title": "Finale Destination 6", "date": "2025-05-15", "description": "Keine Beschreibung verfügbar", "image": "static/images/destination_aWE0XIO.jpg"}}, {"model": "myproject.event", "pk": 10, "fields": {"title": "Lilo & Stitch", "date": "2025-05-22", "description": "Keine Beschreibung verfügbar", "image": "static/images/stitch_E5DOKlr.jpg"}}, {"model": "myproject.event", "pk": 11, "fields": {"title": "Drachenzähmen Leichtgemacht", "date": "2025-06-12", "description": "Keine Beschreibung verfügbar", "image": "static/images/dragons_X4qE27b.jpg"}}, {"model": "myproject.event", "pk": 12, "fields": {"title": "Jurassic World 4", "date": "2025-07-02", "description": "Keine Beschreibung verfügbar", "image": "static/images/jurassic_BMdaMxf.jpg"}}, {"model": "myproject.event", "pk": 13, "fields": {"title": "Conjuring 4", "date": "2025-09-04", "description": "Keine Beschreibung verfügbar", "image": "static/images/conjuring_2Um5iyp.jpg"}}, {"model": "myproject.event", "pk": 14, "fields": {"title": "SAW XI", "date": "2025-09-25", "description": "Keine Beschreibung verfügbar", "image": "static/images/saw_x2IFW75.jpg"}}, {"model": "myproject.event", "pk": 15, "fields": {"title": "Michael Jackson", "date": "2025-10-02", "description": "Keine Beschreibung verfügbar", "image": "static/images/michael_AYtaPT5.jpg"}}, {"model": "myproject.event", "pk": 16, "fields": {"title": "Tron: Ares", "date": "2025-10-09", "description": "Keine Beschreibung verfügbar", "image": "static/images/tron_ygBdD1i.jpg"}}, {"model": "myproject.event", "pk": 17, "fields": {"title": "The Black Phone 2", "date": "2025-10-16", "description": "Keine Beschreibung verfügbar", "image": "static/images/black_rbtHWya.jpg"}}, {"model": "myproject.event", "pk": 18, "fields": {"title": "Wicked 2", "date": "2025-11-20", "description": "Keine Beschreibung verfügbar", "image": "static/images/wicked_gBhtzyi.jpg"}}, {"model": "myproject.event", "pk": 19, "fields": {"title": "Zoomania 2", "date": "2025-11-27", "description": "Keine Beschreibung verfügbar", "image": "static/images/zoomania_aZFjjKy.jpg"}}, {"model": "myproject.event", "pk": 20, "fields": {"title": "Five Nights at Freddy's 2", "date": "2025-12-04", "description": "Keine Beschreibung verfügbar", "image": "static/images/fnaf_7Pn27Lg.jpg"}}, {"model": "myproject.event", "pk": 21, "fields": {"title": "Avatar 3", "date": "2025-12-17", "description": "Keine Beschreibung verfügbar", "image": "static/images/avatar_tfgjJtS.jpg"}}, {"model": "myproject.movie", "pk": 1, "fields": {"title": "Sonic 3", "link": "https://voe.sx/e/pio7hseml6hm", "image": "static/images/sonic3_KX16KVO.jpg", "release_date": null}}, {"model": "myproject.movie", "pk": 2, "fields": {"title": "Deadpool & Wolverine", "link": "https://voe.sx/e/fzaznyq5nivt", "image": "static/images/dp.jpeg", "release_date": "2024-07-24"}}, {"model": "myproject.movie", "pk": 3, "fields": {"title": "Nosferatu", "link": "https://voe.sx/e/qoyxsjscgvs9", "image": "static/images/nosferatu_6WIfyCb.jpg", "release_date": null}}, {"model": "myproject.movie", "pk": 5, "fields": {"title": "Captain America: Brave New World", "link": "https://voe.sx/e/lo9smv3espx3", "image": "static/images/cap4.jpg", "release_date": null}}, {"model": "myproject.movie", "pk": 6, "fields": {"title": "Herr der Ringe 3", "link": "https://voe.sx/e/fxihvptlwybb", "image": "static/images/hdr3.jpg", "release_date": null}}, {"model": "myproject.movie", "pk": 7, "fields": {"title": "Herr der Ringe", "link": "https://voe.sx/e/g33xlqxi7trj", "image": "static/images/hdr.jpg", "release_date": null}}, {"model": "myproject.movie", "pk": 8, "fields": {"title": "Schneewittchen", "link": "https://voe.sx/e/u3g58p394bxg", "image": "static/images/sw.jpeg", "release_date": "2025-03-20"}}, {"model": "myproject.movie", "pk": 9, "fields": {"title": "Interstellar", "link": "https://voe.sx/e/0jene7v2khsd", "image": "static/images/int.jpg", "release_date": null}}, {"model": "myproject.movie", "pk": 10, "fields": {"title": "Herr der Ringe 2", "link": "https://voe.sx/e/jxiod6rbmret", "image": "static/images/hdr2.jpg", "release_date": null}}, {"model": "myproject.movie", "pk": 11, "fields": {"title": "Avengers", "link": "https://voe.sx/e/0qmwydgw3zci", "image": "static/images/a1.webp", "release_date": null}}, {"model": "myproject.movie", "pk": 12, "fields": {"title": "Avengers: Age of Ultron", "link": "https://voe.sx/e/qmwsamyunsre", "image": "static/images/a2.jpg", "release_date": null}}, {"model": "myproject.movie", "pk": 13, "fields": {"title": "Avengers: Infinity War", "link": "https://watch.gxplayer.xyz/watch?v=CYK6TLND", "image": "static/images/a3.jpg", "release_date": null}}, {"model": "myproject.movie", "pk": 14, "fields": {"title": "Avengers: Endgame", "link": "https://watch.gxplayer.xyz/watch?v=X7SFL0JR", "image": "static/images/a4.jpg", "release_date": null}}, {"model": "myproject.movie", "pk": 15, "fields": {"title": "Oppenheimer", "link": "https://voe.sx/e/qld0n0mjfq3y", "image": "static/images/op.jpg", "release_date": null}}, {"model": "myproject.movie", "pk": 16, "fields": {"title": "Sonic", "link": "https://voe.sx/e/ntoxwar89kh1", "image": "static/images/sonic.jpg", "release_date": null}}, {"model": "myproject.movie", "pk": 17, "fields": {"title": "Sonic 2", "link": "https://voe.sx/e/nznjyd1gevuz", "image": "static/images/sonic2.jpg", "release_date": null}}, {"model": "myproject.movie", "pk": 18, "fields": {"title": "Ein Minecraft Film", "link": "https://voe.sx/e/wkxvfj4nozyu", "image": "static/images/minecraft_TvlI5ef.webp", "release_date": "2025-04-03"}}, {"model": "myproject.movie", "pk": 19, "fields": {"title": "Justice League", "link": "https://voe.sx/e/knllaslf91xd", "image": "static1/images/Justice.webp", "release_date": null}}, {"model": "myproject.movie", "pk": 20, "fields": {"title": "The Dark Knight", "link": "https://voe.sx/e/bawnvk9c4gx1", "image": "static1/images/knight.jpg", "release_date": null}}, {"model": "myproject.movie", "pk": 21, "fields": {"title": "Batman Begins", "link": "https://voe.sx/e/7jpwlfml0cx7", "image": "static1/images/batman.jpg", "release_date": null}}, {"model": "myproject.movie", "pk": 22, "fields": {"title": "The Dark Knight Rises", "link": "https://voe.sx/e/6rg5sl7uerph", "image": "static1/images/knigh2.jpg", "release_date": null}}, {"model": "myproject.movie", "pk": 23, "fields": {"title": "Batman v Superman", "link": "https://voe.sx/e/6pbkxigbjdsk", "image": "static1/images/bvs.jpg", "release_date": null}}, {"model": "myproject.movie", "pk": 24, "fields": {"title": "Batman", "link": "https://voe.sx/e/h1j6ybhtlgyj", "image": "static1/images/bat.jpg", "release_date": null}}, {"model": "myproject.movie", "pk": 25, "fields": {"title": "Batman Forever", "link": "https://voe.sx/e/a0fcbluh9sbw", "image": "static1/images/bf.jpg", "release_date": null}}, {"model": "myproject.movie", "pk": 26, "fields": {"title": "Batman & Robin", "link": "https://voe.sx/e/spgiv1h3yfjg", "image": "static1/images/br.jpg", "release_date": null}}, {"model": "myproject.movie", "pk": 27, "fields": {"title": "Ant Man 3", "link": "https://voe.sx/e/bsvxywozcxl6", "image": "static1/images/ant.jpg", "release_date": null}}, {"model": "myproject.movie", "pk": 28, "fields": {"title": "Captain America", "link": "https://voe.sx/e/fydommiofamx", "image": "static/images/cap.jpg", "release_date": null}}, {"model": "myproject.movie", "pk": 29, "fields": {"title": "Captain America: Civil War", "link": "https://voe.sx/e/vxmidubspgq4", "image": "static/images/cap2.jpg", "release_date": null}}, {"model": "myproject.movie", "pk": 30, "fields": {"title": "Captain America: The Winter Solider", "link": "https://voe.sx/e/ctb8rvgohdqp", "image": "static/images/cap3.jpg", "release_date": null}}, {"model": "myproject.movie", "pk": 31, "fields": {"title": "Black Widow", "link": "https://voe.sx/e/bzvk8kvnkpv1", "image": "static/images/bw.jpg", "release_date": null}}, {"model": "myproject.movie", "pk": 32, "fields": {"title": "Iron Man", "link": "https://voe.sx/e/xjrucetxoqp7", "image": "static/images/im.jpg", "release_date": null}}, {"model": "myproject.movie", "pk": 33, "fields": {"title": "Iron Man 2", "link": "https://voe.sx/e/cogmpexfgh0d", "image": "static/images/im2.jpg", "release_date": null}}, {"model": "myproject.movie", "pk": 34, "fields": {"title": "Iron Man 3", "link": "https://voe.sx/e/io8gnqtxctxc", "image": "static/images/im3.jpg", "release_date": null}}, {"model": "myproject.movie", "pk": 35, "fields": {"title": "Star Wars Episode 1", "link": "https://voe.sx/e/fzcvhnt0xdc5", "image": "static/images/sw1.jpg", "release_date": null}}, {"model": "myproject.movie", "pk": 36, "fields": {"title": "Star Wars Episode 2", "link": "https://voe.sx/e/d8jaerqe1jsw", "image": "static/images/sw2.jpg", "release_date": null}}, {"model": "myproject.movie", "pk": 37, "fields": {"title": "Star Wars Episode 3", "link": "https://voe.sx/e/r3auwihn6rgd", "image": "static/images/sw3.jpg", "release_date": null}}, {"model": "myproject.movie", "pk": 38, "fields": {"title": "Star Wars Episode 4", "link": "https://voe.sx/e/c0fd4s9q4r9y", "image": "static/images/sw4.jpg", "release_date": null}}, {"model": "myproject.movie", "pk": 39, "fields": {"title": "Star Wars Episode 6", "link": "https://voe.sx/e/dffbzxttbnce", "image": "static/images/sw5.jpg", "release_date": null}}, {"model": "myproject.movie", "pk": 40, "fields": {"title": "Star Wars Episode 5", "link": "https://voe.sx/e/3skpjwmbj6sy", "image": "static/images/sw6.jpg", "release_date": null}}, {"model": "myproject.movie", "pk": 41, "fields": {"title": "Star Wars: Das Erwachen der Macht", "link": "https://voe.sx/e/gqd4fcgzmbyh", "image": "static/images/sw7.jpg", "release_date": null}}, {"model": "myproject.movie", "pk": 42, "fields": {"title": "Star Wars: Die letzten Jedi", "link": "https://voe.sx/e/nna5jufc2glw", "image": "static/images/sw8.jpg", "release_date": null}}, {"model": "myproject.movie", "pk": 43, "fields": {"title": "Star Wars: Der Aufstieg Skywalkers", "link": "https://voe.sx/e/futoc14q6xkx", "image": "static/images/sw9.jpg", "release_date": null}}, {"model": "myproject.movie", "pk": 44, "fields": {"title": "Ant Man", "link": "https://voe.sx/e/jxdufavjww69", "image": "static/images/ant1.jpg", "release_date": null}}, {"model": "myproject.movie", "pk": 45, "fields": {"title": "Ant Man 2", "link": "https://voe.sx/e/dvadhpjblkyu", "image": "static/images/ant2.jpg", "release_date": null}}, {"model": "myproject.movie", "pk": 46, "fields": {"title": "Der Super Mario Bros Film", "link": "https://voe.sx/e/mp58kqh1ppoo", "image": "static/images/smb.jpg", "release_date": null}}, {"model": "myproject.movie", "pk": 47, "fields": {"title": "Blood & Sinners", "link": "https://watch.gxplayer.xyz/watch?v=HWBA3VN7", "image": "static/images/bs.webp", "release_date": "2025-04-17"}}, {"model": "myproject.movie", "pk": 48, "fields": {"title": "Drop - Tödliches Date", "link": "https://voe.sx/e/o7t6fgeyy4o5", "image": "static/images/drop.webp", "release_date": "2025-04-17"}}, {"model": "myproject.movie", "pk": 49, "fields": {"title": "A Working Man", "link": "https://voe.sx/e/suankjmbzrqv", "image": "static/images/awm.webp", "release_date": "2025-03-26"}}, {"model": "myproject.movie", "pk": 50, "fields": {"title": "The Monkey", "link": "https://voe.sx/e/nf2a5fkgvgsb", "image": "static/images/monk.webp", "release_date": "2025-02-20"}}, {"model": "myproject.movie", "pk": 51, "fields": {"title": "The Amateur", "link": "https://voe.sx/e/8uxmcodcf4nc", "image": "static/images/tam.webp", "release_date": "2025-04-10"}}, {"model": "myproject.movie", "pk": 52, "fields": {"title": "Mr. No Pain", "link": "https://voe.sx/e/in8fugrmzv93", "image": "static/images/mrno.webp", "release_date": "2025-03-20"}}, {"model": "myproject.movie", "pk": 53, "fields": {"title": "Flight Risk", "link": "https://voe.sx/e/yx6qfa0imj7t", "image": "static/images/fr.webp", "release_date": "2025-02-20"}}, {"model": "myproject.userprofile", "pk": 2, "fields": {"user": 2, "image": "profile_images/default.jpg", "bio": "", "level": 1, "xp": 0}}, {"model": "myproject.userprofile", "pk": 3, "fields": {"user": 3, "image": "profile_images/default.jpg", "bio": "", "level": 1, "xp": 0}}, {"model": "myproject.userprofile", "pk": 4, "fields": {"user": 4, "image": "profile_images/default.jpg", "bio": "", "level": 1, "xp": 0}}, {"model": "myproject.userprofile", "pk": 5, "fields": {"user": 5, "image": "profile_images/default.jpg", "bio": "", "level": 1, "xp": 0}}, {"model": "myproject.userprofile", "pk": 6, "fields": {"user": 6, "image": "static/profile_images/Lid.png", "bio": "", "level": 1, "xp": 0}}, {"model": "myproject.userprofile", "pk": 7, "fields": {"user": 7, "image": "static/profile_images/Lid.png", "bio": "Moin was geht", "level": 4, "xp": 345}}, {"model": "myproject.userprofile", "pk": 8, "fields": {"user": 8, "image": "static/profile_images/monk.webp", "bio": "moin", "level": 8, "xp": 745}}, {"model": "myproject.userprofile", "pk": 9, "fields": {"user": 9, "image": "profile_images/default.jpg", "bio": "", "level": 1, "xp": 0}}, {"model": "myproject.userprofile", "pk": 10, "fields": {"user": 10, "image": "static/profile_images/Lid_9MyLMP6.png", "bio": "peace", "level": 1, "xp": 80}}]